level,frequency,word_plain,reading
N3,低频,なす,なす
N5,未分频,高校,こうこう
N2,中频,丸,まる
N4,未分频,間,かん
N2,低频,ぎゅうぎゅう,ぎゅうぎゅう
N1,中频,昭和,しょうわ
N2,中频,明治,めいじ
N2,低频,党,とう
N2,中频,理系,りけい
N2,中频,貝,かい
N1,中频,班,はん
N1,低频,高名,こうめい
N2,低频,落ちこぼれ,おちこぼれ
N2,中频,大盛り,おおもり
N1,低频,うやむや,うやむや
N3,低频,換気扇,かんきせん
N1,低频,一握り,ひとにぎり
N1,低频,頻発,ひんぱつ
N1,低频,悪循環,あくじゅんかん
N4,未分频,〜やすい,〜やすい
N5,未分频,〜か月,〜かげつ
N3,低频,キログラム,kilogram；(フ) kilogramme
N3,中频,キロメートル,(フ) kilomètre
N5,未分频,グラム,gram；(法) gramme
N5,未分频,〜さん,〜さん
N4,未分频,〜過ぎ,〜すぎ
N5,未分频,〜ちゃん,〜ちゃん
N4,未分频,〜にくい,〜にくい
N5,未分频,〜回,〜かい
N5,未分频,〜階,〜かい
N5,未分频,〜君,〜くん
N5,未分频,〜個,〜こ
N5,未分频,〜頃,〜ごろ
N5,未分频,〜冊,〜さつ
N5,未分频,時,じ
N5,未分频,〜人,〜にん
N4,未分频,台,だい
N4,未分频,〜達,〜たち
N4,未分频,〜中,〜じゅう
N5,未分频,中,ちゅう
N4,未分频,度,ど
N3,低频,〜ら,〜ら
N5,未分频,日,にち
N4,未分频,〜杯,〜はい
N5,未分频,〜番,〜ばん
N4,未分频,〜番目,〜ばんめ
N5,未分频,〜匹,〜ひき
N5,未分频,分,ふん
N5,未分频,〜本,〜ほん
N5,未分频,〜枚,〜まい
N3,低频,〜末,〜まつ
N4,未分频,〜様,〜さま
N4,未分频,あ,あ
N5,未分频,ああ,ああ
N4,未分频,アイスクリーム,ice cream
N5,未分频,あさって,あさって
N5,未分频,あそこ,あそこ
N3,低频,あたし,あたし
N5,未分频,あちら,あちら
N5,未分频,あっち,あっち
N5,未分频,あなた,あなた
N5,未分频,あの,あの
N5,未分频,あのう,あのう
N5,未分频,アパート,apartment house
N5,未分频,あまり,あまり
N4,未分频,飴,あめ
N3,中频,アメリカ,America
N5,未分频,ある,ある
N3,低频,アルバム,album
N5,未分频,あれ,あれ
N5,未分频,いい,いい
N5,未分频,いいえ,いいえ
N1,低频,イギリス,(ポ) inglez
N5,未分频,いくつ,いくつ
N5,未分频,いくら,いくら
N5,未分频,いつ,いつ
N5,未分频,いっぱい,いっぱい
N5,未分频,いつも,いつも
N4,未分频,いや,いや
N5,未分频,いる,いる
N5,未分频,いろいろ,いろいろ
N4,未分频,インターネット,internet
N5,未分频,ううん,ううん
N2,中频,うどん,うどん
N5,未分频,うるさい,うるさい
N5,未分频,うん,うん
N5,未分频,エアコン,air conditioner
N5,未分频,ええ,ええ
N5,未分频,おいしい,おいしい
N1,低频,オーストラリア,Australia
N5,未分频,おじ,おじ
N5,未分频,おじいさん,おじいさん
N5,未分频,おじさん,おじさん
N3,中频,おっしゃる,おっしゃる
N5,未分频,おととい,おととい
N5,未分频,おととし,おととし
N5,未分频,おなか,おなか
N5,未分频,おにぎり,おにぎり
N5,未分频,おば,おば
N5,未分频,おばあさん,おばあさん
N5,未分频,菓子,かし
N5,未分频,お兄さん,おにいさん
N5,未分频,お姉さん,おねえさん
N5,未分频,お茶,おちゃ
N5,未分频,お父さん,おとうさん
N5,未分频,お母さん,おかあさん
N5,未分频,カップ,cup
N5,未分频,かばん,かばん
N5,未分频,カメラ,camera
N4,未分频,カラオケ,からおけ
N5,未分频,カレー,curry
N5,未分频,かわいい,かわいい
N5,未分频,ギター,guitar
N5,未分频,昨日,きのう
N5,未分频,きれい,きれい
N3,中频,キロ,(フ) kilo
N5,未分频,くださる,くださる
N5,未分频,クラス,class
N2,低频,クリスマス,Christmas・Xmas
N5,未分频,ケーキ,cake
N5,未分频,コート,coat
N5,未分频,コーヒー,coffee
N3,低频,コーラ,cola
N5,未分频,ここ,ここ
N5,未分频,こちら,こちら
N5,未分频,こっち,こっち
N5,未分频,コップ,(オ) kop
N5,未分频,この,この
N3,高频,この前,このまえ
N3,高频,この辺,このへん
N5,未分频,コピー,copy
N4,未分频,ごみ箱,ごみばこ
N3,中频,ゴルフ,golf
N5,未分频,これ,これ
N5,未分频,こんな,こんな
N4,未分频,コンビニ,convenience store
N5,未分频,ご飯,ごはん
N4,未分频,さあ,さあ
N5,未分频,サッカー,soccer
N5,未分频,しかし,しかし
N5,未分频,じゃ,じゃ
N5,未分频,シャツ,shirt
N5,未分频,シャワー,shower
N5,未分频,ジュース,juice
N5,未分频,しょうゆ,しょうゆ
N3,低频,ショッピング,shopping
N5,未分频,すいか,すいか
N3,中频,スープ,soup
N5,未分频,スカート,skirt
N5,未分频,スキー,ski
N1,低频,すき焼き,すきやき
N5,未分频,すぐ,すぐ
N4,未分频,ずつ,ずつ
N5,未分频,ストーブ,stove
N3,高频,すばらしい,すばらしい
N3,低频,スプーン,spoon
N5,未分频,スポーツ,sport
N5,未分频,ズボン,(フ) jupon
N1,中频,ずらり,ずらり
N4,未分频,スリッパ,slipper
N5,未分频,する,する
N5,未分频,セーター,sweater
N2,中频,石 鹸,せっけん
N4,未分频,ゼロ,zero
N4,未分频,センチ,(フ) centimètre
N5,未分频,そう,そう
N4,未分频,そうだ,そうだ
N5,未分频,そこ,そこ
N5,未分频,そして,そして
N5,未分频,そちら,そちら
N5,未分频,そっち,そっち
N5,未分频,その,その
N4,未分频,その後,そのご
N4,未分频,蕎麦,そば
N5,未分频,そば,そば
N5,未分频,それ,それ
N5,未分频,それから,それから
N5,未分频,それでは,それでは
N2,高频,だいぶ,だいぶ
N5,未分频,だから,だから
N5,未分频,たくさん,たくさん
N5,未分频,タクシー,taxi
N5,未分频,だけ,だけ
N5,未分频,ただ,ただ
N5,未分频,ただ今,ただいま
N4,未分频,タバコ,(ポ) tabaco
N4,未分频,たぶん,たぶん
N5,未分频,ダンス,dance
N5,未分频,だんだん,だんだん
N4,未分频,チーズ,cheese
N3,低频,チーム,team
N5,未分频,チケット,ticket
N5,未分频,ちょうど,ちょうど
N5,未分频,チョコレート,chocolate
N5,未分频,ちょっと,ちょっと
N1,低频,ちらり,ちらり
N5,未分频,つまらない,つまらない
N3,低频,テープ,tape
N5,未分频,テーブル,table
N5,未分频,テキスト,text
N5,未分频,できる,できる
N5,未分频,テスト,test
N5,未分频,では,では
N5,未分频,デパート,department store
N5,未分频,でも,でも
N5,未分频,テレビ,television
N4,未分频,天ぷら,てんぷら
N5,未分频,ドア,door
N5,未分频,トイレ,toilet
N5,未分频,どう,どう
N5,未分频,どうして,どうして
N5,未分频,どうぞ,どうぞ
N5,未分频,どうも,どうも
N5,未分频,どうやって,どうやって
N5,未分频,どこ,どこ
N5,未分频,どちら,どちら
N5,未分频,どっち,どっち
N5,未分频,とても,とても
N5,未分频,どなた,どなた
N5,未分频,どの,どの
N3,低频,ドリンク,drink
N5,未分频,どれ,どれ
N5,未分频,どれぐらい,どれぐらい
N5,未分频,どんな,どんな
N5,未分频,ない,ない
N5,未分频,ナイフ,knife
N5,未分频,ながら,ながら
N5,未分频,なぜ,なぜ
N5,未分频,など,など
N4,未分频,なる,なる
N5,未分频,にぎやか,にぎやか
N5,未分频,ニュース,news
N5,未分频,ぬるい,ぬるい
N5,未分频,ねえ,ねえ
N4,未分频,ネクタイ,necktie
N5,未分频,ノート,note
N2,中频,ノートパソコン,notebook personal computer
N3,低频,のり,のり
N5,未分频,パーティー,party
N5,未分频,はい,はい
N3,中频,バイク,bike
N4,未分频,はく,はく
N5,未分频,バス,bus
N2,中频,ばっちり,ばっちり
N5,未分频,バナナ,banana
N5,未分频,パン,(ポ) pão
N4,未分频,ハンカチ,handkerchief
N2,低频,ビール,(オ) bier
N5,未分频,プール,pool
N3,低频,フォーク,fork
N3,中频,ふらふら,ふらふら
N3,中频,ふるさと,ふるさと
N5,未分频,ページ,page
N5,未分频,ベッド,bed
N5,未分频,ペン,pen
N5,未分频,ボールペン,ball pen
N3,高频,ポケット,pocket
N4,未分频,ポスト,post
N4,未分频,ボタン,button
N3,低频,ポテト,potato
N5,未分频,ホテル,hotel
N5,未分频,まず,まず
N5,未分频,まずい,まずい
N5,未分频,また,また
N5,未分频,まだ,まだ
N5,未分频,まっすぐ,まっすぐ
N3,中频,マンション,mansion
N4,未分频,みそ汁,みそしる
N4,未分频,ミルク,milk
N5,未分频,みんな,みんな
N5,未分频,メートル,metre
N5,未分频,メール,mail
N3,中频,メールアドレス,mail address
N5,未分频,もう,もう
N5,未分频,もしもし,もしもし
N5,未分频,もっと,もっと
N5,未分频,ゆうべ,ゆうべ
N5,未分频,ゆっくり,ゆっくり
N4,未分频,ヨーロッパ,(ポ) Europa
N5,未分频,ラーメン,らーめん
N5,未分频,ラジオ,radio
N3,低频,ラジカセ,(和) radio＋cassette
N5,未分频,りんご,りんご
N1,中频,レコード,record
N5,未分频,レストラン,(フ) restaurant
N5,未分频,ワイシャツ,white shirt
N4,未分频,悪い,わるい
N5,未分频,安い,やすい
N5,未分频,暗い,くらい
N4,未分频,以外,いがい
N4,未分频,以上,いじょう
N4,未分频,以前,いぜん
N4,未分频,以内,いない
N4,未分频,意味,いみ
N4,未分频,易しい,やさしい
N5,未分频,椅子,いす
N4,未分频,違う,ちがう
N5,未分频,医者,いしゃ
N5,未分频,一つ,ひとつ
N5,未分频,一緒,いっしょ
N5,未分频,一人,ひとり
N5,未分频,一日,いちにち
N5,未分频,一日,ついたち
N5,未分频,一番,いちばん
N4,未分频,引く,ひく
N5,未分频,飲み物,のみもの
N5,未分频,飲む,のむ
N3,中频,飲食,いんしょく
N5,未分频,右,みぎ
N5,未分频,雨,あめ
N4,未分频,運動,うんどう
N4,未分频,運動会,うんどうかい
N4,未分频,運動場,うんどうじょう
N5,未分频,映画,えいが
N5,未分频,映画館,えいがかん
N5,未分频,泳ぐ,およぐ
N5,未分频,英語,えいご
N5,未分频,駅,えき
N4,未分频,駅前,えきまえ
N5,未分频,円,えん
N5,未分频,遠い,とおい
N5,未分频,鉛筆,えんぴつ
N5,未分频,塩,しお
N5,未分频,汚い,きたない
N5,未分频,奥さん,おくさん
N4,未分频,押す,おす
N5,未分频,横,よこ
N3,低频,横断歩道,おうだんほどう
N5,未分频,黄色い,きいろい
N3,低频,億,おく
N3,低频,俺,おれ
N4,未分频,温かい,あたたかい
N4,未分频,温泉,おんせん
N4,未分频,音,おと
N5,未分频,音楽,おんがく
N5,未分频,下,した
N4,未分频,下手,へた
N5,未分频,何,なに
N5,未分频,何,なん
N5,未分频,何か,なにか
N5,未分频,夏,なつ
N5,未分频,夏休み,なつやすみ
N5,未分频,家,いえ
N5,未分频,うち,うち
N4,未分频,家具,かぐ
N5,未分频,家族,かぞく
N3,低频,家庭,かてい
N4,未分频,暇,ひま
N5,未分频,果物,くだもの
N5,未分频,歌,うた
N5,未分频,歌う,うたう
N5,未分频,火曜日,かようび
N5,未分频,花,はな
N5,未分频,荷物,にもつ
N4,未分频,課長,かちょう
N5,未分频,会う,あう
N4,未分频,会議,かいぎ
N4,未分频,会議室,かいぎしつ
N5,未分频,会社,かいしゃ
N5,未分频,会社員,かいしゃいん
N4,未分频,会話,かいわ
N5,未分频,海,うみ
N3,高频,海外,かいがい
N5,未分频,皆さん,みなさん
N5,未分频,絵,え
N4,未分频,開く,あく
N5,未分频,開ける,あける
N5,未分频,階段,かいだん
N5,未分频,外,そと
N5,未分频,外国,がいこく
N5,未分频,外国人,がいこくじん
N4,未分频,街,まち
N4,未分频,角,かど
N5,未分频,学校,がっこう
N5,未分频,学生,がくせい
N5,未分频,楽しい,たのしい
N5,未分频,掛かる,かかる
N5,未分频,掛ける,かける
N4,未分频,活動,かつどう
N3,中频,滑る,すべる
N5,未分频,寒い,さむい
N3,高频,歓迎会,かんげいかい
N5,未分频,漢字,かんじ
N5,未分频,甘い,あまい
N5,未分频,丸い,まるい
N5,未分频,眼鏡,めがね
N5,未分频,顔,かお
N3,中频,企業,きぎょう
N5,未分频,危ない,あぶない
N5,未分频,机,つくえ
N5,未分频,帰り,かえり
N5,未分频,帰る,かえる
N4,未分频,帰国,きこく
N3,高频,気温,きおん
N4,未分频,季節,きせつ
N3,中频,記念品,きねんひん
N5,未分频,起きる,おきる
N5,未分频,喫茶店,きっさてん
N5,未分频,休む,やすむ
N4,未分频,吸う,すう
N4,未分频,泣く,なく
N5,未分频,牛乳,ぎゅうにゅう
N5,未分频,去年,きょねん
N5,未分频,魚,さかな
N1,低频,魚屋,さかなや
N5,未分频,強い,つよい
N5,未分频,教える,おしえる
N5,未分频,教室,きょうしつ
N4,未分频,橋,はし
N5,未分频,狭い,せまい
N4,未分频,興味,きょうみ
N5,未分频,近い,ちかい
N5,未分频,近く,ちかく
N5,未分频,金,かね
N5,未分频,金曜日,きんようび
N1,低频,銀,ぎん
N5,未分频,銀行,ぎんこう
N3,低频,銀行員,ぎんこういん
N5,未分频,九つ,ここのつ
N5,未分频,九日,ここのか
N5,未分频,空,そら
N5,未分频,靴,くつ
N5,未分频,靴下,くつした
N5,未分频,兄,あに
N5,未分频,兄弟,きょうだい
N2,中频,警官,けいかん
N5,未分频,軽い,かるい
N4,未分频,結構,けっこう
N5,未分频,結婚,けっこん
N5,未分频,月曜日,げつようび
N3,高频,健康,けんこう
N4,未分频,嫌,いや
N4,未分频,嫌い,きらい
N5,未分频,建物,たてもの
N5,未分频,犬,いぬ
N5,未分频,見る,みる
N5,未分频,鍵,かぎ
N5,未分频,元気,げんき
N4,未分频,厳しい,きびしい
N5,未分频,玄関,げんかん
N5,未分频,言う,いう
N5,未分频,言葉,ことば
N5,未分频,古い,ふるい
N5,未分频,呼ぶ,よぶ
N5,未分频,五つ,いつつ
N5,未分频,五日,いつか
N5,未分频,午後,ごご
N5,未分频,午前,ごぜん
N5,未分频,後,あと
N5,未分频,後ろ,うしろ
N3,高频,語,ご
N5,未分频,交差点,こうさてん
N5,未分频,交番,こうばん
N5,未分频,公園,こうえん
N5,未分频,厚い,あつい
N5,未分频,口,くち
N5,未分频,向こう,むこう
N3,高频,喉,のど
N5,未分频,好き,すき
N4,未分频,工場,こうじょう
N5,未分频,広い,ひろい
N5,未分频,紅茶,こうちゃ
N5,未分频,行く,いく
N5,未分频,降りる,おりる
N5,未分频,降る,ふる
N5,未分频,高い,たかい
N5,未分频,国,くに
N5,未分频,黒,くろ
N5,未分频,黒い,くろい
N4,未分频,込む,こむ
N5,未分频,今,いま
N3,高频,今まで,いままで
N5,未分频,今月,こんげつ
N5,未分频,今週,こんしゅう
N5,未分频,今朝,けさ
N5,未分频,今日,きょう
N5,未分频,今年,ことし
N5,未分频,今晩,こんばん
N5,未分频,困る,こまる
N5,未分频,左,ひだり
N5,未分频,左手,ひだりて
N4,未分频,差す,さす
N5,未分频,砂糖,さとう
N5,未分频,座る,すわる
N2,低频,再来月,さらいげつ
N5,未分频,再来週,さらいしゅう
N2,中频,再来年,さらいねん
N5,未分频,最後,さいご
N4,未分频,最初,さいしょ
N4,未分频,祭り,まつり
N5,未分频,細い,ほそい
N5,未分频,財布,さいふ
N3,高频,咲く,さく
N5,未分频,作る,つくる
N3,中频,作家,さっか
N5,未分频,作文,さくぶん
N4,未分频,撮る,とる
N5,未分频,雑誌,ざっし
N5,未分频,皿,さら
N5,未分频,三つ,みっつ
N5,未分频,三日,みっか
N5,未分频,傘,かさ
N5,未分频,山,やま
N5,未分频,散歩,さんぽ
N5,未分频,仕事,しごと
N4,未分频,使い方,つかいかた
N5,未分频,使う,つかう
N5,未分频,四つ,よっつ
N5,未分频,四日,よっか
N5,未分频,始まる,はじまる
N5,未分频,子供,こども
N4,未分频,思う,おもう
N4,未分频,指,ゆび
N5,未分频,止まる,とまる
N4,未分频,死ぬ,しぬ
N5,未分频,私,わたし
N5,未分频,紙,かみ
N5,未分频,試験,しけん
N5,未分频,歯,は
N5,未分频,持つ,もつ
N5,未分频,時,とき
N5,未分频,時々,ときどき
N5,未分频,時間,じかん
N5,未分频,時計,とけい
N5,未分频,次,つぎ
N4,未分频,次に,つぎに
N5,未分频,耳,みみ
N3,中频,自己,じこ
N5,未分频,自転車,じてんしゃ
N3,中频,自動車,じどうしゃ
N5,未分频,自分,じぶん
N5,未分频,辞書,じしょ
N5,未分频,七つ,ななつ
N5,未分频,七日,なのか
N5,未分频,質問,しつもん
N5,未分频,写真,しゃしん
N5,未分频,社員,しゃいん
N3,中频,社会,しゃかい
N5,未分频,車,くるま
N5,未分频,借りる,かりる
N5,未分频,若い,わかい
N4,未分频,寂しい,さびしい
N4,未分频,弱い,よわい
N3,中频,主人,しゅじん
N5,未分频,取る,とる
N4,未分频,守る,まもる
N5,未分频,手,て
N5,未分频,手紙,てがみ
N4,未分频,手洗い,てあらい
N4,未分频,種類,しゅるい
N4,未分频,酒,さけ
N4,未分频,首,くび
N5,未分频,すし,すし
N5,未分频,授業,じゅぎょう
N5,未分频,秋,あき
N5,未分频,終わる,おわる
N5,未分频,習う,ならう
N5,未分频,週,しゅう
N4,未分频,週末,しゅうまつ
N5,未分频,住む,すむ
N5,未分频,十日,とおか
N2,中频,縦,たて
N5,未分频,重い,おもい
N5,未分频,宿題,しゅくだい
N4,未分频,出かける,でかける
N5,未分频,出す,だす
N5,未分频,出る,でる
N5,未分频,出口,でぐち
N3,高频,出張,しゅっちょう
N5,未分频,春,はる
N4,未分频,春休み,はるやすみ
N5,未分频,初めて,はじめて
N5,未分频,所,ところ
N5,未分频,暑い,あつい
N4,未分频,書き方,かきかた
N5,未分频,書く,かく
N3,高频,書類,しょるい
N5,未分频,女,おんな
N5,未分频,女の子,おんなのこ
N5,未分频,女性,じょせい
N3,低频,小〜,こ〜
N5,未分频,小さい,ちいさい
N5,未分频,小さな,ちいさな
N5,未分频,小学校,しょうがっこう
N5,未分频,小学生,しょうがくせい
N5,未分频,少し,すこし
N5,未分频,少ない,すくない
N4,未分频,消える,きえる
N5,未分频,消す,けす
N5,未分频,笑う,わらう
N4,未分频,象,ぞう
N5,未分频,上,うえ
N5,未分频,上げる,あげる
N5,未分频,上手,じょうず
N3,高频,丈夫,じょうぶ
N5,未分频,乗る,のる
N5,未分频,色,いろ
N5,未分频,食べる,たべる
N5,未分频,食べ物,たべもの
N5,未分频,食堂,しょくどう
N4,未分频,信じる,しんじる
N5,未分频,信号,しんごう
N5,未分频,寝る,ねる
N4,未分频,心,こころ
N5,未分频,新しい,あたらしい
N3,高频,新鮮,しんせん
N5,未分频,新聞,しんぶん
N4,未分频,申す,もうす
N4,未分频,真面目,まじめ
N2,中频,神,かみ
N5,未分频,親,おや
N5,未分频,辛い,からい
N4,未分频,つらい,つらい
N5,未分频,人,ひと
N4,未分频,人間,にんげん
N4,未分频,人気,にんき
N5,未分频,図書館,としょかん
N4,未分频,吹く,ふく
N5,未分频,水,みず
N5,未分频,水曜日,すいようび
N4,未分频,数,かず
N2,中频,数々,かずかず
N3,中频,数字,すうじ
N4,未分频,世界,せかい
N5,未分频,晴れ,はれ
N5,未分频,晴れる,はれる
N5,未分频,生まれる,うまれる
N4,未分频,生活,せいかつ
N5,未分频,生徒,せいと
N4,未分频,声,こえ
N5,未分频,西,にし
N5,未分频,青,あお
N5,未分频,青い,あおい
N5,未分频,静か,しずか
N4,未分频,席,せき
N5,未分频,赤,あか
N5,未分频,赤い,あかい
N5,未分频,切る,きる
N5,未分频,切手,きって
N5,未分频,切符,きっぷ
N5,未分频,雪,ゆき
N4,未分频,先,さき
N1,低频,先々週,せんせんしゅう
N4,未分频,先に,さきに
N5,未分频,先月,せんげつ
N5,未分频,先週,せんしゅう
N5,未分频,先生,せんせい
N4,未分频,先輩,せんぱい
N5,未分频,千,せん
N5,未分频,川,かわ
N5,未分频,洗う,あらう
N5,未分频,洗濯,せんたく
N3,中频,洗濯機,せんたくき
N5,未分频,船,ふね
N5,未分频,選ぶ,えらぶ
N5,未分频,前,まえ
N3,高频,全員,ぜんいん
N5,未分频,全部,ぜんぶ
N3,低频,祖父母,そふぼ
N5,未分频,掃除,そうじ
N5,未分频,早い,はやい
N2,低频,相撲,すもう
N5,未分频,窓,まど
N4,未分频,草,くさ
N5,未分频,走る,はしる
N4,未分频,送る,おくる
N4,未分频,側,がわ
N4,未分频,息子,むすこ
N4,未分频,村,むら
N5,未分频,多い,おおい
N5,未分频,太い,ふとい
N3,中频,太陽,たいよう
N4,未分频,だめ,だめ
N5,未分频,体,からだ
N5,未分频,待つ,まつ
N5,未分频,貸す,かす
N3,高频,代わり,かわり
N5,未分频,大きい,おおきい
N5,未分频,大学,だいがく
N1,中频,大学院生,だいがくいんせい
N5,未分频,大学生,だいがくせい
N5,未分频,大丈夫,だいじょうぶ
N5,未分频,大人,おとな
N5,未分频,大切,たいせつ
N5,未分频,大変,たいへん
N4,未分频,卓球,たっきゅう
N5,未分频,脱ぐ,ぬぐ
N5,未分频,誰,だれ
N4,未分频,誰か,だれか
N4,未分频,探す,さがす
N5,未分频,短い,みじかい
N5,未分频,誕生日,たんじょうび
N4,未分频,弾く,ひく
N4,未分频,暖かい,あたたかい
N5,未分频,男,おとこ
N5,未分频,男の子,おとこのこ
N5,未分频,知る,しる
N5,未分频,地下鉄,ちかてつ
N2,中频,地震,じしん
N5,未分频,地図,ちず
N5,未分频,池,いけ
N5,未分频,置く,おく
N5,未分频,遅い,おそい
N5,未分频,茶色,ちゃいろ
N3,低频,茶 碗,ちゃわん
N5,未分频,着く,つく
N5,未分频,着る,きる
N5,未分频,中,なか
N3,低频,中華料理,ちゅうかりょうり
N4,未分频,中学,ちゅうがく
N5,未分频,中学校,ちゅうがっこう
N5,未分频,中学生,ちゅうがくせい
N5,未分频,中国,ちゅうごく
N5,未分频,昼,ひる
N5,未分频,昼ご飯,ひるごはん
N4,未分频,丁寧,ていねい
N3,高频,張る,はる
N4,未分频,貼る,はる
N5,未分频,朝,あさ
N5,未分频,朝ご飯,あさごはん
N5,未分频,町,まち
N5,未分频,長い,ながい
N5,未分频,鳥,とり
N5,未分频,痛い,いたい
N5,未分频,低い,ひくい
N2,中频,定価,ていか
N5,未分频,庭,にわ
N5,未分频,弟,おとうと
N5,未分频,天気,てんき
N2,高频,天候,てんこう
N5,未分频,店,みせ
N4,未分频,伝える,つたえる
N3,中频,田舎,いなか
N5,未分频,電気,でんき
N5,未分频,電車,でんしゃ
N5,未分频,電話,でんわ
N5,未分频,渡す,わたす
N5,未分频,渡る,わたる
N4,未分频,登る,のぼる
N3,中频,都会,とかい
N2,高频,都市,とし
N5,未分频,土曜日,どようび
N5,未分频,冬,ふゆ
N5,未分频,冬休み,ふゆやすみ
N5,未分频,東,ひがし
N5,未分频,答え,こたえ
N5,未分频,答える,こたえる
N5,未分频,頭,あたま
N5,未分频,働く,はたらく
N5,未分频,動物,どうぶつ
N5,未分频,同じ,おなじ
N5,未分频,道,みち
N4,未分频,道具,どうぐ
N5,未分频,読む,よむ
N3,低频,豚肉,ぶたにく
N5,未分频,曇り,くもり
N5,未分频,曇る,くもる
N4,未分频,内容,ないよう
N5,未分频,南,みなみ
N5,未分频,難しい,むずかしい
N5,未分频,二つ,ふたつ
N5,未分频,二十,にじゅう
N3,低频,二十歳,はたち
N5,未分频,二十日,はつか
N5,未分频,二人,ふたり
N5,未分频,二日,ふつか
N5,未分频,肉,にく
N5,未分频,日本,にほん
N5,未分频,日本語,にほんご
N5,未分频,日本人,にほんじん
N5,未分频,日曜日,にちようび
N5,未分频,入る,はいる
N5,未分频,入れる,いれる
N5,未分频,猫,ねこ
N5,未分频,熱い,あつい
N5,未分频,年,とし
N2,中频,年金,ねんきん
N4,未分频,濃い,こい
N4,未分频,背,せ
N3,低频,梅雨,つゆ
N5,未分频,買い物,かいもの
N5,未分频,買う,かう
N5,未分频,売る,うる
N3,中频,博物館,はくぶつかん
N5,未分频,白,しろ
N5,未分频,白い,しろい
N5,未分频,薄い,うすい
N5,未分频,箸,はし
N5,未分频,八つ,やっつ
N5,未分频,八日,ようか
N5,未分频,髪,かみ
N5,未分频,半,はん
N5,未分频,半分,はんぶん
N5,未分频,晩,ばん
N5,未分频,晩ご飯,ばんごはん
N5,未分频,番号,ばんごう
N5,未分频,彼,かれ
N5,未分频,彼女,かのじょ
N5,未分频,疲れる,つかれる
N3,中频,皮,かわ
N3,中频,かぶる,かぶる
N5,未分频,飛ぶ,とぶ
N5,未分频,飛行機,ひこうき
N5,未分频,鼻,はな
N5,未分频,百,ひゃく
N5,未分频,病院,びょういん
N4,未分频,病気,びょうき
N5,未分频,付ける,つける
N5,未分频,夫,おっと
N5,未分频,父,ちち
N4,未分频,負ける,まける
N5,未分频,部屋,へや
N4,未分频,封筒,ふうとう
N5,未分频,風,かぜ
N5,未分频,風邪,かぜ
N5,未分频,風呂,ふろ
N5,未分频,服,ふく
N5,未分频,物,もの
N5,未分频,分かる,わかる
N5,未分频,聞く,きく
N5,未分频,平仮名,ひらがな
N5,未分频,並ぶ,ならぶ
N5,未分频,並べる,ならべる
N4,未分频,閉まる,しまる
N4,未分频,閉める,しめる
N5,未分频,片仮名,かたかな
N4,未分频,返す,かえす
N5,未分频,便利,べんり
N5,未分频,勉強,べんきょう
N5,未分频,弁当,べんとう
N5,未分频,歩く,あるく
N4,未分频,方,かた
N4,未分频,方,ほう
N5,未分频,帽子,ぼうし
N5,未分频,忘れる,わすれる
N5,未分频,忙しい,いそがしい
N5,未分频,北,きた
N5,未分频,北側,きたがわ
N5,未分频,僕,ぼく
N5,未分频,本,ほん
N5,未分频,本屋,ほんや
N5,未分频,本棚,ほんだな
N5,未分频,本当,ほんとう
N5,未分频,磨く,みがく
N5,未分频,妹,いもうと
N3,高频,毎回,まいかい
N5,未分频,毎月,まいつき
N5,未分频,毎週,まいしゅう
N5,未分频,毎朝,まいあさ
N5,未分频,毎日,まいにち
N5,未分频,毎年,まいとし
N5,未分频,毎晩,まいばん
N5,未分频,万,まん
N4,未分频,漫画,まんが
N5,未分频,みかん,みかん
N4,未分频,夢,ゆめ
N4,未分频,娘,むすめ
N5,未分频,名前,なまえ
N5,未分频,明るい,あかるい
N5,未分频,明日,あした
N5,未分频,面白い,おもしろい
N2,低频,麺,めん
N5,未分频,木,き
N5,未分频,木曜日,もくようび
N5,未分频,目,め
N5,未分频,問題,もんだい
N5,未分频,夜,よる
N4,未分频,野球,やきゅう
N5,未分频,野菜,やさい
N5,未分频,薬,くすり
N5,未分频,友達,ともだち
N5,未分频,有名,ゆうめい
N5,未分频,遊ぶ,あそぶ
N5,未分频,郵便局,ゆうびんきょく
N5,未分频,夕方,ゆうがた
N3,低频,幼稚園,ようちえん
N5,未分频,洋服,ようふく
N5,未分频,葉書,はがき
N5,未分频,欲しい,ほしい
N3,中频,浴衣,ゆかた
N5,未分频,来る,くる
N5,未分频,来月,らいげつ
N5,未分频,来週,らいしゅう
N5,未分频,来年,らいねん
N4,未分频,頼む,たのむ
N5,未分频,卵,たまご
N4,未分频,履く,はく
N5,未分频,立つ,たつ
N4,未分频,立てる,たてる
N4,未分频,立派,りっぱ
N5,未分频,留学,りゅうがく
N5,未分频,留学生,りゅうがくせい
N5,未分频,旅行,りょこう
N5,未分频,両親,りょうしん
N2,中频,寮,りょう
N5,未分频,料理,りょうり
N4,未分频,涼しい,すずしい
N5,未分频,良い,よい
N5,未分频,緑,みどり
N5,未分频,隣,となり
N4,未分频,涙,なみだ
N5,未分频,冷たい,つめたい
N5,未分频,冷蔵庫,れいぞうこ
N3,中频,零,れい
N5,未分频,練習,れんしゅう
N1,低频,露,つゆ
N4,未分频,廊下,ろうか
N5,未分频,六つ,むっつ
N5,未分频,六日,むいか
N5,未分频,話,はなし
N5,未分频,話す,はなす
N3,低频,〜おき,〜おき
N5,未分频,〜家,〜か
N4,未分频,会,かい
N5,未分频,学,がく
N3,低频,学年,がくねん
N2,中频,区,く
N3,低频,〜建て,〜だて
N3,低频,県,けん
N3,低频,〜軒,〜けん
N5,未分频,後,ご
N2,低频,時間目,じかんめ
N4,未分频,〜出す,〜だす
N3,低频,〜製,〜せい
N3,低频,〜代,〜だい
N5,未分频,町,ちょう
N3,低频,島,とう
N3,低频,〜頭,〜とう
N4,未分频,年生,ねんせい
N3,低频,番線,ばんせん
N4,未分频,〜方,〜かた
N5,未分频,〜目,〜め
N5,未分频,ああ,ああ
N5,未分频,あげる,あげる
N3,中频,アジア,Asia
N3,高频,あちこち,あちこち
N3,低频,あちらこちら,あちらこちら
N3,低频,あっちこっち,あっちこっち
N3,低频,アドレス,address
N4,未分频,アナウンサー,announcer
N3,中频,アニメ,animation
N2,低频,アフリカ,Africa
N2,中频,あら,あら
N4,未分频,ある〜,ある〜
N4,未分频,アルバイト,(ド) Arbeit
N5,未分频,あれ,あれ
N5,未分频,あんな,あんな
N5,未分频,いかが,いかが
N3,高频,いくつか,いくつか
N5,未分频,頂く,いただく
N3,低频,イタリア,(ポ) Italia
N5,未分频,いつでも,いつでも
N3,中频,いつまでも,いつまでも
N5,未分频,いらっしゃる,いらっしゃる
N3,低频,インド,India
N4,未分频,嘘,うそ
N4,未分频,うまい,うまい
N4,未分频,ええと,ええと
N5,未分频,えっ,えっ
N3,中频,エネルギー,(ド) Energie
N3,低频,えび,えび
N3,中频,エンジン,engine
N3,低频,おいでになる,おいでになる
N4,未分频,オートバイ,(和) auto＋bicycle
N3,高频,おかげ,おかげ
N4,未分频,おかしい,おかしい
N2,中频,おかず,おかず
N4,未分频,オフィス,office
N2,低频,お前,おまえ
N3,低频,オリンピック,Olympic
N4,未分频,おる,おる
N3,中频,オレンジ,orange
N3,中频,お宅,おたく
N3,低频,お釣り,おつり
N3,低频,お目にかかる,おめにかかる
N3,低频,カーテン,curtain
N4,未分频,カード,card
N2,高频,かしこまる,かしこまる
N3,低频,ガス,(オ) gas
N3,中频,ガソリン,gasoline
N3,低频,ガソリンスタンド,(和) gasoline＋stand
N3,高频,かなり,かなり
N3,低频,嚙む,かむ
N4,未分频,ガム,gum
N3,中频,ガラス,(オ) glas
N2,低频,カレーライス,curry rice
N3,低频,かわいそう,かわいそう
N3,中频,キッチン,kitchen
N4,未分频,きっと,きっと
N3,中频,きゅうり,きゅうり
N5,未分频,クッキー,cookie
N3,低频,グラス,glass
N3,中频,クラスメート,classmate
N4,未分频,クラブ,club
N1,中频,グレー,gray
N5,未分频,くれる,くれる
N1,低频,ゲート,gate
N4,未分频,ゲーム,game
N4,未分频,けが,けが
N4,未分频,けれど,けれど
N5,未分频,こう,こう
N2,低频,ごくごく,ごくごく
N3,高频,こしょう,こしょう
N2,低频,こそこそ,こそこそ
N3,高频,ごちそう,ごちそう
N3,高频,この間,このあいだ
N4,未分频,ごみ,ごみ
N5,未分频,これから,これから
N3,中频,これら,これら
N4,未分频,コンサート,concert
N4,未分频,コンピューター,computer
N3,中频,ご存じ,ごぞんじ
N3,低频,ご覧になる,ごらんになる
N3,高频,サイズ,size
N3,高频,さっき,さっき
N3,高频,さまざま,さまざま
N4,未分频,サラダ,salad
N3,低频,サンダル,sandal
N1,低频,サンドイッチ,sandwich
N3,中频,仕方ない,しかたない
N4,未分频,しっかり,しっかり
N3,高频,しばらく,しばらく
N4,未分频,しまう,しまう
N4,未分频,ジャム,jam
N2,低频,じりじり,じりじり
N4,未分频,スーツ,suit
N4,未分频,スーツケース,suitcase
N4,未分频,スーパーマーケット,supermarket
N2,中频,スクリーン,screen
N5,未分频,すごい,すごい
N4,未分频,すっかり,すっかり
N5,未分频,ずっと,ずっと
N3,低频,ステーキ,steak
N3,高频,ストレス,stress
N3,高频,すると,すると
N3,中频,咳,せき
N3,高频,センター,center
N3,高频,そこで,そこで
N3,中频,そのため,そのため
N3,中频,そのほか,そのほか
N4,未分频,そのまま,そのまま
N2,高频,ソフト,soft
N4,未分频,それぞれ,それぞれ
N4,未分频,それで,それで
N4,未分频,それとも,それとも
N4,未分频,それなら,それなら
N4,未分频,それに,それに
N3,高频,それほど,それほど
N5,未分频,そろそろ,そろそろ
N5,未分频,そんな,そんな
N3,低频,ダイエット,diet
N3,中频,たいてい,たいてい
N3,高频,タイプ,type
N4,未分频,だけど,だけど
N4,未分频,チェック,check
N3,中频,チェックイン,checkin
N3,高频,ちっとも,ちっとも
N3,高频,つまり,つまり
N4,未分频,つもり,つもり
N3,高频,できるだけ,できるだけ
N3,高频,できれば,できれば
N5,未分频,ですから,ですから
N5,未分频,テニス,tennis
N2,中频,テニスコート,tennis court
N1,低频,テント,tent
N3,低频,ドイツ,(ド) Deutschland
N3,中频,とうとう,とうとう
N5,未分频,どこか,どこか
N3,高频,ところで,ところで
N3,高频,どのよう,どのよう
N4,未分频,トマト,tomato
N4,未分频,どんどん,どんどん
N2,低频,トンネル,tunnel
N4,未分频,なかなか,なかなか
N4,未分频,なさる,なさる
N3,高频,なるべく,なるべく
N3,高频,なるほど,なるほど
N5,未分频,何で,なんで
N4,未分频,濡れる,ぬれる
N1,低频,延び延び,のびのび
N3,低频,海苔,のり
N3,中频,はさみ,はさみ
N5,未分频,バスケットボール,basketball
N3,中频,パスポート,passport
N4,未分频,パソコン,personal computer
N3,中频,バター,butter
N4,未分频,はっきり,はっきり
N3,低频,バッグ,bag
N1,低频,ぱらぱら,ぱらぱら
N2,中频,バレーボール,volleyball
N3,低频,パンダ,panda
N2,低频,ハンバーガー,hamburger
N4,未分频,ハンバーグ,hamburg steak
N4,未分频,ピアノ,piano
N4,未分频,びっくり,びっくり
N4,未分频,ビデオ,video
N4,未分频,ひどい,ひどい
N2,中频,びりびり,びりびり
N5,未分频,ビル,building
N3,低频,ピンク,pink
N2,低频,フルーツ,fruit
N5,未分频,プレゼント,present
N4,未分频,へえ,へえ
N2,中频,ほうれん草,ほうれんそう
N1,低频,ボーイフレンド,boyfriend
N5,未分频,ボール,ball
N4,未分频,ほとんど,ほとんど
N3,低频,ほら,ほら
N4,未分频,まだまだ,まだまだ
N4,未分频,まま,まま
N5,未分频,皆,みな
N4,未分频,メニュー,menu
N4,未分频,メロン,melon
N5,未分频,もうすぐ,もうすぐ
N5,未分频,もう少し,もうすこし
N4,未分频,もし,もし
N2,低频,もたもた,もたもた
N4,未分频,もちろん,もちろん
N5,未分频,もらう,もらう
N2,中频,やってくる,やってくる
N5,未分频,やっと,やっと
N4,未分频,やはり,やはり
N2,高频,やりがい,やりがい
N4,未分频,やり方,やりかた
N5,未分频,やる,やる
N5,未分频,よく,よく
N4,未分频,よろしい,よろしい
N2,中频,リットル,(フ) litre
N4,未分频,レジ,register
N3,高频,レポート,report
N3,低频,レモン,lemon
N3,中频,わあ,わあ
N3,低频,ワイン,wine
N2,高频,わがまま,わがまま
N2,高频,わくわく,わくわく
N1,低频,わさび,わさび
N2,低频,椀,わん
N4,未分频,愛,あい
N4,未分频,挨拶,あいさつ
N4,未分频,安心,あんしん
N4,未分频,安全,あんぜん
N4,未分频,案内,あんない
N4,未分频,以下,いか
N3,中频,偉い,えらい
N4,未分频,意見,いけん
N3,中频,移す,うつす
N3,高频,移る,うつる
N2,中频,移転,いてん
N4,未分频,違い,ちがい
N1,低频,遺産,いさん
N3,低频,医学,いがく
N4,未分频,育てる,そだてる
N3,低频,一昨日,いっさくじつ
N2,中频,一昨年,いっさくねん
N3,高频,一生懸命,いっしょうけんめい
N5,未分频,一度,いちど
N4,未分频,引き出し,ひきだし
N4,未分频,引っ越し,ひっこし
N3,高频,引っ越す,ひっこす
N4,未分频,運転,うんてん
N4,未分频,運転手,うんてんしゅ
N4,未分频,雲,くも
N4,未分频,営業,えいぎょう
N3,高频,影響,えいきょう
N3,低频,液,えき
N4,未分频,駅員,えきいん
N5,未分频,遠く,とおく
N3,低频,遠足,えんそく
N4,未分频,遠慮,えんりょ
N3,高频,汚れ,よごれ
N4,未分频,汚れる,よごれる
N3,低频,奥様,おくさま
N2,高频,応え,こたえ
N3,中频,押し入れ,おしいれ
N3,中频,横断,おうだん
N3,低频,殴る,なぐる
N3,低频,屋上,おくじょう
N3,中频,温める,あたためる
N3,中频,温度,おんど
N3,低频,音楽家,おんがくか
N4,未分频,下がる,さがる
N3,中频,下げる,さげる
N3,中频,下りる,おりる
N1,低频,下宿,げしゅく
N1,低频,下着,したぎ
N1,高频,化学,かがく
N3,高频,価格,かかく
N2,高频,家事,かじ
N3,低频,家内,かない
N3,中频,科学,かがく
N1,中频,歌舞伎,かぶき
N5,未分频,火,ひ
N3,低频,火事,かじ
N4,未分频,花見,はなみ
N3,中频,花束,はなたば
N4,未分频,過ぎる,すぎる
N4,未分频,会場,かいじょう
N4,未分频,回る,まわる
N3,中频,壊す,こわす
N4,未分频,壊れる,こわれる
N5,未分频,開く,ひらく
N3,中频,開始,かいし
N1,高频,各種,かくしゅ
N4,未分频,格好,かっこう
N2,低频,革命,かくめい
N3,高频,学ぶ,まなぶ
N3,中频,学習,がくしゅう
N3,中频,学部,がくぶ
N4,未分频,楽しみ,たのしみ
N4,未分频,楽しむ,たのしむ
N2,高频,割に,わりに
N3,中频,割る,わる
N1,低频,渇く,かわく
N3,中频,乾く,かわく
N3,中频,患者,かんじゃ
N5,未分频,感じ,かんじ
N4,未分频,感じる,かんじる
N4,未分频,慣れる,なれる
N3,高频,環境,かんきょう
N3,低频,看護師,かんごし
N3,中频,看板,かんばん
N5,未分频,簡単,かんたん
N4,未分频,缶,かん
N3,高频,観光,かんこう
N4,未分频,間,あいだ
N4,未分频,間に合う,まにあう
N4,未分频,間違い,まちがい
N4,未分频,間違う,まちがう
N5,未分频,間違える,まちがえる
N4,未分频,関係,かんけい
N1,低频,岸,きし
N5,未分频,おもちゃ,おもちゃ
N4,未分频,頑張る,がんばる
N4,未分频,危険,きけん
N2,高频,喜び,よろこび
N4,未分频,喜ぶ,よろこぶ
N5,未分频,うれしい,うれしい
N4,未分频,希望,きぼう
N3,高频,機会,きかい
N4,未分频,機械,きかい
N4,未分频,気,き
N1,低频,気が付く,きがつく
N3,低频,気を付ける,きをつける
N2,高频,気候,きこう
N4,未分频,気持ち,きもち
N2,中频,気体,きたい
N4,未分频,気分,きぶん
N2,低频,汽車,きしゃ
N2,中频,祈る,いのる
N3,高频,規則,きそく
N3,高频,記念,きねん
N4,未分频,起こす,おこす
N4,未分频,起こる,おこる
N4,未分频,技術,ぎじゅつ
N2,低频,喫煙,きつえん
N4,未分频,客,きゃく
N4,未分频,逆,ぎゃく
N4,未分频,久しぶり,ひさしぶり
N5,未分频,休み,やすみ
N3,中频,休日,きゅうじつ
N4,未分频,急,きゅう
N5,未分频,急ぐ,いそぐ
N3,高频,急に,きゅうに
N3,中频,給料,きゅうりょう
N2,低频,挙げる,あげる
N3,低频,許す,ゆるす
N3,中频,競争,きょうそう
N1,高频,叫ぶ,さけぶ
N4,未分频,教科書,きょうかしょ
N3,中频,教師,きょうし
N4,未分频,胸,むね
N3,低频,鏡,かがみ
N4,未分频,驚く,おどろく
N5,未分频,曲がる,まがる
N3,中频,勤める,つとめる
N3,低频,禁煙,きんえん
N2,中频,近頃,ちかごろ
N4,未分频,近所,きんじょ
N3,低频,金持ち,かねもち
N4,未分频,苦い,にがい
N3,高频,苦手,にがて
N4,未分频,具合,ぐあい
N4,未分频,空く,あく
N2,低频,すく,すく
N2,高频,空間,くうかん
N4,未分频,空気,くうき
N5,未分频,空港,くうこう
N5,未分频,たまに,たまに
N4,未分频,君,きみ
N4,未分频,係,かかり
N2,中频,係員,かかりいん
N4,未分频,形,かたち
N4,未分频,携帯電話,けいたいでんわ
N3,低频,敬語,けいご
N4,未分频,経験,けいけん
N3,高频,経済,けいざい
N2,中频,計る,はかる
N4,未分频,計画,けいかく
N4,未分频,警察,けいさつ
N4,未分频,迎える,むかえる
N3,中频,欠席,けっせき
N4,未分频,決して,けっして
N4,未分频,決まる,きまる
N4,未分频,決める,きめる
N4,未分频,結果,けっか
N4,未分频,血,ち
N5,未分频,月,つき
N3,中频,喧嘩,けんか
N1,低频,堅い,かたい
N3,低频,建つ,たつ
N4,未分频,建てる,たてる
N4,未分频,研究,けんきゅう
N1,中频,研究員,けんきゅういん
N3,高频,研究室,けんきゅうしつ
N3,中频,研究者,けんきゅうしゃ
N3,低频,研究所,けんきゅうじょ
N4,未分频,肩,かた
N4,未分频,見える,みえる
N5,未分频,見せる,みせる
N4,未分频,見つかる,みつかる
N4,未分频,見つける,みつける
N4,未分频,見学,けんがく
N3,低频,見送り,みおくり
N4,未分频,見舞い,みまい
N3,中频,見物,けんぶつ
N4,未分频,原因,げんいん
N4,未分频,現在,げんざい
N3,中频,言語,げんご
N2,中频,言葉遣い,ことばづかい
N5,未分频,固い,かたい
N4,未分频,湖,みずうみ
N2,低频,虎,とら
N3,中频,後輩,こうはい
N4,未分频,ご〜,ご〜
N1,低频,語彙,ごい
N3,高频,交通,こうつう
N4,未分频,光,ひかり
N3,低频,光る,ひかる
N3,低频,公務員,こうむいん
N3,高频,向かう,むかう
N2,中频,工学,こうがく
N3,高频,工業,こうぎょう
N4,未分频,工事,こうじ
N4,未分频,幸せ,しあわせ
N3,中频,広さ,ひろさ
N2,高频,校長,こうちょう
N4,未分频,港,みなと
N4,未分频,硬い,かたい
N5,未分频,考え,かんがえ
N5,未分频,考える,かんがえる
N3,高频,考え方,かんがえかた
N1,低频,航空券,こうくうけん
N4,未分频,行う,おこなう
N3,中频,講義,こうぎ
N3,低频,郊外,こうがい
N3,高频,香り,かおり
N5,未分频,高校生,こうこうせい
N3,低频,高速道路,こうそくどうろ
N2,低频,高等,こうとう
N4,未分频,合う,あう
N3,中频,合格,ごうかく
N2,中频,合唱,がっしょう
N3,中频,国語,こくご
N3,高频,国際,こくさい
N3,中频,国内,こくない
N4,未分频,黒板,こくばん
N4,未分频,腰,こし
N5,未分频,今,こん
N4,未分频,今回,こんかい
N4,未分频,今後,こんご
N4,未分频,今度,こんど
N4,未分频,今夜,こんや
N3,高频,差し上げる,さしあげる
N3,中频,砂,すな
N4,未分频,最近,さいきん
N1,中频,最古,さいこ
N5,未分频,妻,つま
N2,中频,済ます,すます
N3,高频,済む,すむ
N4,未分频,細かい,こまかい
N3,高频,材料,ざいりょう
N3,中频,坂,さか
N2,高频,作品,さくひん
N4,未分频,桜,さくら
N1,低频,三角,さんかく
N3,中频,参る,まいる
N4,未分频,参加,さんか
N3,低频,山道,やまみち
N3,中频,産業,さんぎょう
N3,中频,賛成,さんせい
N3,低频,酸っぱい,すっぱい
N4,未分频,残り,のこり
N4,未分频,残る,のこる
N4,未分频,残念,ざんねん
N4,未分频,仕方,しかた
N3,高频,伺う,うかがう
N3,低频,刺身,さしみ
N3,低频,四角,しかく
N3,低频,四角い,しかくい
N3,中频,四季,しき
N2,高频,始まり,はじまり
N3,高频,始め,はじめ
N5,未分频,始める,はじめる
N5,未分频,姉,あね
N2,高频,姿,すがた
N4,未分频,子,こ
N4,未分频,市,し
N4,未分频,市民,しみん
N4,未分频,思い出す,おもいだす
N2,高频,指す,さす
N3,低频,指輪,ゆびわ
N2,中频,支社,ししゃ
N4,未分频,枝,えだ
N3,高频,止む,やむ
N4,未分频,止める,とめる
N4,未分频,やめる,やめる
N3,低频,私,わたくし
N3,低频,糸,いと
N1,低频,紙くず,かみくず
N2,低频,詩,し
N4,未分频,試合,しあい
N4,未分频,資料,しりょう
N4,未分频,歯医者,はいしゃ
N4,未分频,事,こと
N3,高频,事故,じこ
N1,高频,事項,じこう
N4,未分频,事務所,じむしょ
N4,未分频,似る,にる
N4,未分频,字,じ
N4,未分频,寺,てら
N4,未分频,時代,じだい
N2,高频,次回,じかい
N4,未分频,治る,なおる
N4,未分频,自信,じしん
N4,未分频,自然,しぜん
N2,中频,辞典,じてん
N3,中频,叱る,しかる
N4,未分频,失敗,しっぱい
N4,未分频,失礼,しつれい
N3,高频,実際,じっさい
N4,未分频,写す,うつす
N3,中频,写る,うつる
N2,高频,写真家,しゃしんか
N4,未分频,捨てる,すてる
N2,高频,社会人,しゃかいじん
N4,未分频,社長,しゃちょう
N2,高频,者,もの
N3,中频,邪魔,じゃま
N1,低频,主,おも
N3,低频,主婦,しゅふ
N4,未分频,手袋,てぶくろ
N4,未分频,手伝い,てつだい
N4,未分频,手伝う,てつだう
N5,未分频,趣味,しゅみ
N4,未分频,受ける,うける
N3,中频,収入,しゅうにゅう
N4,未分频,周り,まわり
N4,未分频,拾う,ひろう
N5,未分频,終わり,おわり
N3,高频,習慣,しゅうかん
N3,高频,臭い,くさい
N3,低频,週刊,しゅうかん
N4,未分频,集まる,あつまる
N4,未分频,集める,あつめる
N3,高频,集合,しゅうごう
N4,未分频,住所,じゅうしょ
N5,未分频,十分,じゅうぶん
N3,高频,柔らかい,やわらかい
N3,中频,柔道,じゅうどう
N3,高频,渋滞,じゅうたい
N3,高频,重要,じゅうよう
N2,高频,出会う,であう
N3,高频,出席,しゅっせき
N3,低频,出入り口,でいりぐち
N4,未分频,出発,しゅっぱつ
N4,未分频,準備,じゅんび
N5,未分频,初め,はじめ
N4,未分频,助ける,たすける
N1,低频,女房,にょうぼう
N4,未分频,傷,きず
N4,未分频,勝つ,かつ
N3,高频,召し上がる,めしあがる
N4,未分频,将来,しょうらい
N4,未分频,小説,しょうせつ
N3,低频,小鳥,ことり
N1,低频,小便,しょうべん
N3,中频,少々,しょうしょう
N2,高频,少なくとも,すくなくとも
N4,未分频,床,ゆか
N4,未分频,承知,しょうち
N5,未分频,消しゴム,けしゴム
N4,未分频,焼く,やく
N3,中频,焼ける,やける
N1,低频,焼肉,やきにく
N3,低频,笑わせる,わらわせる
N4,未分频,紹介,しょうかい
N5,未分频,上がる,あがる
N3,低频,上司,じょうし
N5,未分频,上着,うわぎ
N3,低频,乗り換え,のりかえ
N4,未分频,乗り換える,のりかえる
N3,低频,乗り物,のりもの
N4,未分频,冗談,じょうだん
N4,未分频,場合,ばあい
N4,未分频,場所,ばしょ
N4,未分频,情報,じょうほう
N3,低频,畳,たたみ
N4,未分频,飾る,かざる
N3,高频,植える,うえる
N2,高频,植物,しょくぶつ
N2,低频,色鉛筆,いろえんぴつ
N5,未分频,食事,しょくじ
N2,中频,食卓,しょくたく
N4,未分频,食料品,しょくりょうひん
N4,未分频,寝坊,ねぼう
N4,未分频,心配,しんぱい
N3,高频,新入生,しんにゅうせい
N5,未分频,森,もり
N4,未分频,深い,ふかい
N3,中频,申し上げる,もうしあげる
N3,低频,真ん中,まんなか
N4,未分频,神社,じんじゃ
N3,高频,親しい,したしい
N3,中频,親戚,しんせき
N4,未分频,親切,しんせつ
N4,未分频,進む,すすむ
N4,未分频,人々,ひとびと
N3,低频,人形,にんぎょう
N4,未分频,人口,じんこう
N4,未分频,尋ねる,たずねる
N4,未分频,水泳,すいえい
N3,低频,水道,すいどう
N3,低频,随分,ずいぶん
N3,高频,数学,すうがく
N2,高频,世の中,よのなか
N4,未分频,世話,せわ
N4,未分频,ぜひ,ぜひ
N4,未分频,性格,せいかく
N4,未分频,成功,せいこう
N2,高频,成長,せいちょう
N3,中频,政治,せいじ
N3,高频,整理,せいり
N4,未分频,星,ほし
N5,未分频,正しい,ただしい
N3,低频,正解,せいかい
N4,未分频,正月,しょうがつ
N4,未分频,生きる,いきる
N4,未分频,生産,せいさん
N2,高频,精神,せいしん
N2,高频,製造,せいぞう
N3,低频,西洋,せいよう
N2,低频,誠に,まことに
N3,中频,青空,あおぞら
N4,未分频,昔,むかし
N2,低频,昔話,むかしばなし
N4,未分频,石,いし
N3,高频,赤ちゃん,あかちゃん
N1,中频,赤字,あかじ
N3,中频,折る,おる
N3,中频,折れる,おれる
N4,未分频,説明,せつめい
N3,低频,舌,した
N1,低频,先年,せんねん
N4,未分频,専門,せんもん
N1,低频,扇風機,せんぷうき
N3,高频,浅い,あさい
N4,未分频,線,せん
N3,高频,選手,せんしゅ
N4,未分频,全て,すべて
N3,高频,全国,ぜんこく
N4,未分频,全然,ぜんぜん
N5,未分频,祖父,そふ
N5,未分频,祖母,そぼ
N3,中频,早退,そうたい
N3,低频,痩せる,やせる
N4,未分频,相談,そうだん
N3,高频,窓口,まどぐち
N3,中频,窓側,まどがわ
N3,中频,騒ぐ,さわぐ
N4,未分频,増える,ふえる
N4,未分频,贈り物,おくりもの
N3,高频,贈る,おくる
N2,低频,造る,つくる
N5,未分频,足,あし
N4,未分频,足りる,たりる
N4,未分频,続く,つづく
N4,未分频,続ける,つづける
N4,未分频,卒業,そつぎょう
N1,低频,存じる,ぞんじる
N4,未分频,多く,おおく
N3,中频,太る,ふとる
N4,未分频,打つ,うつ
N3,中频,体操,たいそう
N2,高频,態度,たいど
N3,低频,退院,たいいん
N4,未分频,代わる,かわる
N5,未分频,台所,だいどころ
N3,高频,台風,たいふう
N5,未分频,大きな,おおきな
N3,中频,大雨,おおあめ
N3,低频,大型,おおがた
N4,未分频,大事,だいじ
N4,未分频,大人しい,おとなしい
N3,低频,大声,おおごえ
N4,未分频,大体,だいたい
N1,中频,大地,だいち
N3,低频,大通り,おおどおり
N3,低频,大都会,だいとかい
N3,低频,大部分,だいぶぶん
N3,高频,棚,たな
N1,高频,淡い,あわい
N1,低频,暖める,あたためる
N3,中频,暖房,だんぼう
N3,中频,男女,だんじょ
N5,未分频,男性,だんせい
N4,未分频,値段,ねだん
N4,未分频,知らせ,しらせ
N4,未分频,知らせる,しらせる
N3,高频,知り合い,しりあい
N4,未分频,地,ち
N3,中频,地球,ちきゅう
N1,低频,地理,ちり
N4,未分频,恥ずかしい,はずかしい
N3,高频,致す,いたす
N4,未分频,遅れる,おくれる
N5,未分频,茶色い,ちゃいろい
N4,未分频,着物,きもの
N5,未分频,中国語,ちゅうごくご
N3,低频,中指,なかゆび
N3,高频,中止,ちゅうし
N4,未分频,中心,ちゅうしん
N3,中频,昼間,ひるま
N5,未分频,昼休み,ひるやすみ
N3,高频,昼食,ちゅうしょく
N4,未分频,注意,ちゅうい
N4,未分频,虫,むし
N3,高频,駐車,ちゅうしゃ
N3,中频,駐車場,ちゅうしゃじょう
N4,未分频,調べる,しらべる
N3,低频,超える,こえる
N4,未分频,長,ちょう
N1,低频,長ねぎ,ながねぎ
N4,未分频,直す,なおす
N4,未分频,直る,なおる
N5,未分频,通う,かよう
N1,中频,通じる,つうじる
N4,未分频,通り,とおり
N4,未分频,通る,とおる
N2,高频,漬ける,つける
N2,低频,漬物,つけもの
N2,低频,釣る,つる
N3,低频,低,てい
N3,中频,底,そこ
N2,低频,庭園,ていえん
N2,低频,泥棒,どろぼう
N3,高频,天気予報,てんきよほう
N3,中频,展覧会,てんらんかい
N5,未分频,店員,てんいん
N4,未分频,点,てん
N3,高频,伝わる,つたわる
N4,未分频,田,た
N2,中频,電子辞書,でんしじしょ
N3,低频,電灯,でんとう
N3,中频,塗る,ぬる
N4,未分频,途中,とちゅう
N4,未分频,都合,つごう
N4,未分频,土産,みやげ
N4,未分频,怒る,おこる
N2,中频,倒す,たおす
N4,未分频,倒れる,たおれる
N3,低频,唐辛子,とうがらし
N4,未分频,島,しま
N1,低频,島々,しまじま
N4,未分频,投げる,なげる
N2,中频,桃,もも
N4,未分频,盗む,ぬすむ
N4,未分频,湯,ゆ
N4,未分频,当たる,あたる
N4,未分频,当てる,あてる
N3,中频,踏む,ふむ
N4,未分频,逃げる,にげる
N4,未分频,動く,うごく
N4,未分频,動物園,どうぶつえん
N2,高频,同僚,どうりょう
N3,低频,憧れ,あこがれ
N4,未分频,特に,とくに
N4,未分频,特急,とっきゅう
N4,未分频,特別,とくべつ
N3,高频,読書,どくしょ
N4,未分频,届ける,とどける
N5,未分频,内,うち
N3,低频,内側,うちがわ
N3,中频,鍋,なべ
N2,低频,難くない,かたくない
N4,未分频,匂い,におい
N5,未分频,日,ひ
N4,未分频,日記,にっき
N4,未分频,入り口,いりぐち
N4,未分频,入院,にゅういん
N4,未分频,入学,にゅうがく
N2,高频,任せる,まかせる
N2,高频,認める,みとめる
N4,未分频,熱,ねつ
N4,未分频,熱心,ねっしん
N1,中频,年賀状,ねんがじょう
N2,高频,年度,ねんど
N3,中频,燃える,もえる
N5,未分频,納豆,なっとう
N3,低频,馬,うま
N3,中频,拝見,はいけん
N3,中频,背中,せなか
N3,高频,配る,くばる
N3,中频,倍,ばい
N4,未分频,売り場,うりば
N4,未分频,売れる,うれる
N4,未分频,泊まる,とまる
N1,低频,麦,むぎ
N5,未分频,箱,はこ
N3,低频,発音,はつおん
N3,中频,発展,はってん
N3,低频,髪の毛,かみのけ
N4,未分频,反対,はんたい
N3,低频,犯人,はんにん
N3,高频,番組,ばんぐみ
N3,低频,番地,ばんち
N2,高频,彼ら,かれら
N4,未分频,悲しい,かなしい
N4,未分频,比べる,くらべる
N3,高频,疲れ,つかれ
N4,未分频,美しい,うつくしい
N4,未分频,美術館,びじゅつかん
N1,低频,髭,ひげ
N4,未分频,必ず,かならず
N4,未分频,必要,ひつよう
N4,未分频,表,おもて
N3,高频,表す,あらわす
N4,未分频,品物,しなもの
N4,未分频,瓶,びん
N2,中频,不自由,ふじゆう
N4,未分频,不便,ふべん
N5,未分频,付く,つく
N3,中频,布団,ふとん
N4,未分频,怖い,こわい
N3,高频,普段,ふだん
N4,未分频,普通,ふつう
N4,未分频,父親,ちちおや
N2,低频,ぶどう,ぶどう
N4,未分频,部長,ぶちょう
N3,中频,復習,ふくしゅう
N4,未分频,腹,はら
N4,未分频,複雑,ふくざつ
N4,未分频,払う,はらう
N3,高频,分かれる,わかれる
N4,未分频,分ける,わける
N4,未分频,文,ぶん
N4,未分频,文化,ぶんか
N3,中频,文学,ぶんがく
N3,中频,文字,もじ
N4,未分频,文章,ぶんしょう
N3,中频,文法,ぶんぽう
N3,高频,文房具,ぶんぼうぐ
N3,中频,聞かせる,きかせる
N4,未分频,聞こえる,きこえる
N4,未分频,米,こめ
N4,未分频,壁,かべ
N4,未分频,別,べつ
N4,未分频,別れる,わかれる
N4,未分频,変,へん
N4,未分频,変える,かえる
N4,未分频,変わる,かわる
N3,高频,変化,へんか
N3,中频,片付く,かたづく
N4,未分频,片付ける,かたづける
N1,低频,編み物,あみもの
N3,低频,編む,あむ
N4,未分频,辺り,あたり
N5,未分频,返事,へんじ
N3,中频,捕まえる,つかまえる
N3,高频,暮らし,くらし
N4,未分频,暮らす,くらす
N4,未分频,包む,つつむ
N3,高频,報告,ほうこく
N3,中频,放送,ほうそう
N4,未分频,方向,ほうこう
N4,未分频,方法,ほうほう
N3,中频,法律,ほうりつ
N3,中频,褒める,ほめる
N4,未分频,訪ねる,たずねる
N2,高频,豊か,ゆたか
N4,未分频,亡くなる,なくなる
N4,未分频,忘れ物,わすれもの
N3,中频,翻訳,ほんやく
N3,低频,満員,まんいん
N3,高频,満足,まんぞく
N4,未分频,味,あじ
N4,未分频,眠い,ねむい
N4,未分频,眠る,ねむる
N3,高频,無くす,なくす
N4,未分频,無くなる,なくなる
N3,中频,無駄,むだ
N4,未分频,無理,むり
N4,未分频,命,いのち
N3,高频,明日,あす
N4,未分频,迷う,まよう
N3,低频,迷子,まいご
N3,低频,迷惑,めいわく
N3,低频,鳴く,なく
N3,中频,鳴る,なる
N3,低频,毛,け
N3,中频,黙る,だまる
N3,低频,目の前,めのまえ
N3,高频,目的,もくてき
N4,未分频,戻る,もどる
N1,中频,夜景,やけい
N3,中频,夜中,よなか
N4,未分频,約束,やくそく
N3,中频,油,あぶら
N5,未分频,優しい,やさしい
N1,中频,有名人,ゆうめいじん
N3,中频,有料,ゆうりょう
N3,中频,遊園地,ゆうえんち
N5,未分频,郵便,ゆうびん
N3,中频,夕飯,ゆうはん
N3,低频,予習,よしゅう
N4,未分频,予定,よてい
N4,未分频,予約,よやく
N3,高频,様子,ようす
N4,未分频,用,よう
N4,未分频,用意,ようい
N3,高频,用紙,ようし
N4,未分频,用事,ようじ
N3,低频,葉,は
N5,未分频,要る,いる
N3,中频,踊り,おどり
N3,中频,踊る,おどる
N5,未分频,浴びる,あびる
N4,未分频,落ちる,おちる
N4,未分频,落とす,おとす
N4,未分频,利用,りよう
N2,高频,理解,りかい
N4,未分频,理由,りゆう
N4,未分频,裏,うら
N2,高频,離れる,はなれる
N4,未分频,流れる,ながれる
N4,未分频,留守,るす
N4,未分频,旅館,りょかん
N4,未分频,両方,りょうほう
N4,未分频,料金,りょうきん
N4,未分频,力,ちから
N4,未分频,例,れい
N4,未分频,例えば,たとえば
N3,中频,冷える,ひえる
N2,中频,冷房,れいぼう
N4,未分频,礼,れい
N4,未分频,歴史,れきし
N3,中频,列,れつ
N3,中频,列車,れっしゃ
N2,低频,恋,こい
N3,高频,連れる,つれる
N4,未分频,連絡,れんらく
N3,高频,連絡先,れんらくさき
N3,中频,論文,ろんぶん
N4,未分频,腕,うで
N3,中频,ばら,ばら
N3,低频,〜通り,〜とおり
N3,低频,〜通り,〜どおり
N2,高频,あいにく,あいにく
N2,中频,アクション,action
N2,中频,アクセサリー,accessory
N2,中频,あっという間,あっというま
N3,高频,アドバイス,advice
N3,中频,アナウンス,announce
N2,高频,あるいは,あるいは
N3,中频,あれこれ,あれこれ
N3,中频,あんまり,あんまり
N2,高频,いきなり,いきなり
N1,低频,イコール,equal
N2,高频,いずれ,いずれ
N1,高频,いたずら,いたずら
N2,高频,いちいち,いちいち
N5,未分频,いつか,いつか
N3,中频,いつの間にか,いつのまにか
N3,高频,イメージ,image
N1,低频,イヤリング,earring
N2,中频,いよいよ,いよいよ
N2,中频,いらいら,いらいら
N3,中频,インク,ink
N3,高频,インタビュー,interview
N2,高频,インフルエンザ,influenza
N3,高频,うっかり,うっかり
N3,中频,噂,うわさ
N4,未分频,エスカレーター,escalator
N3,低频,エプロン,apron
N5,未分频,エレベーター,elevator
N3,低频,甥,おい
N3,低频,オーバー,over
N2,中频,おごる,おごる
N4,未分频,おしゃべり,おしゃべり
N2,低频,オフ,off
N2,中频,およそ,およそ
N3,低频,お辞儀,おじぎ
N3,中频,おしゃれ,おしゃれ
N3,中频,カーブ,curve
N3,中频,ガイド,guide
N2,高频,かえって,かえって
N3,低频,カセットテープ,cassette tape
N3,中频,カタログ,catalog
N3,高频,がっかり,がっかり
N3,中频,カット,cut
N3,中频,カバー,cover
N3,中频,かび,かび
N3,低频,カメラマン,cameraman
N2,中频,カラー,color
N3,中频,カロリー,calorie
N1,低频,かわいがる,かわいがる
N3,低频,キーボード,keyboard
N3,高频,きちんと,きちんと
N3,高频,きつい,きつい
N2,高频,きっかけ,きっかけ
N3,中频,キャベツ,cabbage
N3,高频,キャンセル,cancel
N2,中频,キャンパス,campus
N2,中频,キャンプ,camp
N2,高频,ぎりぎり,ぎりぎり
N3,中频,くしゃみ,くしゃみ
N3,高频,ぐっすり,ぐっすり
N2,中频,くどい,くどい
N3,低频,グラウンド,ground
N3,中频,クラシック,classic
N3,高频,グラフ,graph
N3,中频,クリーニング,cleaning
N4,未分频,グループ,group
N4,未分频,クレジットカード,credit card
N3,低频,ケース,case
N3,低频,けち,けち
N3,低频,コイン,coin
N3,低频,こうして,こうして
N3,高频,コース,course
N2,高频,コーチ,coach
N3,中频,ゴール,goal
N2,高频,コスト,cost
N1,高频,こっそり,こっそり
N3,中频,コマーシャル,commercial
N4,未分频,これまで,これまで
N2,高频,コンテスト,contest
N3,高频,御覧,ごらん
N4,未分频,サービス,service
N4,未分频,サイン,sign
N2,中频,さすが,さすが
N2,中频,さっさと,さっさと
N3,中频,早速,さっそく
N2,中频,ざっと,ざっと
N2,高频,さっぱり,さっぱり
N2,中频,さて,さて
N3,低频,サラリーマン,(和) salary＋man・salaried man
N3,低频,サングラス,sunglasses
N3,中频,サンプル,sample
N4,未分频,シーズン,season
N3,低频,シーツ,sheet
N3,低频,ジーンズ,jeans
N2,高频,しかも,しかも
N2,中频,じっと,じっと
N2,中频,しばしば,しばしば
N3,低频,しゃっくり,しゃっくり
N2,中频,シャッター,shutter
N4,未分频,しゃべる,しゃべる
N2,中频,ショー,show
N4,未分频,ジョギング,jogging
N2,低频,ショップ,shop
N2,中频,シリーズ,series
N4,未分频,スイッチ,switch
N2,低频,スクール,school
N2,中频,スケート,skate
N3,中频,スタート,start
N2,高频,スタイル,style
N2,高频,すっきり,すっきり
N2,低频,ステーション,station
N3,中频,ストップ,stop
N2,高频,すなわち,すなわち
N3,高频,スピーチ,speech
N3,高频,スピード,speed
N1,高频,スマート,smart
N5,未分频,せい,せい
N2,低频,贅沢,ぜいたく
N3,中频,セール,sale
N3,高频,せっかく,せっかく
N3,高频,セット,set
N1,低频,ゼミナール,(ド) seminar
N4,未分频,ソース,sauce
N3,中频,そっくり,そっくり
N2,高频,そのうち,そのうち
N3,高频,そのうえ,そのうえ
N5,未分频,ソファー,sofa
N3,低频,そろう,そろう
N2,低频,たいした〜,たいした〜
N2,中频,タイヤ,tire
N2,低频,ダウンロード,download
N4,未分频,タオル,towel
N3,高频,だが,だが
N3,中频,叩く,たたく
N2,高频,ただし,ただし
N4,未分频,だって,だって
N1,低频,ダブル,double
N1,高频,だます,だます
N2,高频,たまたま,たまたま
N1,低频,ためる,ためる
N1,低频,チャイム,chime
N4,未分频,チャンス,chance
N4,未分频,ちゃんと,ちゃんと
N2,高频,ツアー,tour
N3,高频,ついでに,ついでに
N3,中频,ついに,ついに
N3,低频,つかむ,つかむ
N2,中频,注ぐ,つぐ
N2,高频,つながる,つながる
N2,中频,つなぐ,つなぐ
N4,未分频,デート,date
N3,高频,テーマ,(ド) thema
N2,中频,デザイナー,designer
N3,高频,デザイン,design
N3,中频,デジタル,digital
N2,中频,テンポ,(イ) tempo
N5,未分频,どうか,どうか
N3,高频,どうしても,どうしても
N3,低频,どうせ,どうせ
N3,高频,どきどき,どきどき
N2,高频,トップ,top
N3,中频,とにかく,とにかく
N4,未分频,ドライブ,drive
N1,低频,ドライヤー,dryer
N3,中频,トラック,truck
N3,中频,ドラマ,drama
N3,低频,ドル,dollar
N2,中频,ドレス,dress
N3,高频,なお,なお
N3,低频,撫でる,なでる
N4,未分频,にこにこ,にこにこ
N2,低频,にらむ,にらむ
N4,未分频,ネックレス,necklace
N2,高频,ネット,net
N3,中频,ノック,knock
N2,高频,のんびり,のんびり
N3,低频,パーセント,percent
N3,低频,バイオリン,violin
N3,低频,バケツ,bucket
N2,中频,パターン,pattern
N1,中频,パック,pack
N1,低频,はめる,はめる
N2,低频,流行り,はやり
N2,高频,バランス,balance
N3,低频,ハンドル,handle
N3,高频,パンフレット,pamphlet
N5,未分频,ピザ,(イ) pizza
N3,中频,ビジネス,business
N3,中频,ビタミン,vitamin
N3,高频,ぴったり,ぴったり
N3,低频,ビデオカメラ,video camera
N2,高频,ファイル,file
N3,中频,ファッション,fashion
N3,中频,ファン,fan
N3,中频,ぶつかる,ぶつかる
N3,中频,ぶつける,ぶつける
N3,中频,フライパン,frypan
N3,低频,ブラシ,brush
N3,中频,プラス,plus
N3,中频,プラスチック,plastic
N2,高频,プラン,plan
N3,低频,フランス,France
N2,中频,フリー,free
N3,中频,プリント,print
N3,低频,ブレーキ,brake
N3,高频,プログラム,program
N2,低频,ふわふわ,ふわふわ
N1,低频,へこむ,へこむ
N4,未分频,ペット,pet
N3,中频,ベランダ,veranda
N1,高频,ボーナス,bonus
N4,未分频,ホーム,home
N4,未分频,ホームページ,homepage
N2,高频,ホール,hall
N4,未分频,ポスター,poster
N2,中频,ポット,pot
N3,中频,マーク,mark
N3,中频,まあまあ,まあまあ
N2,中频,マイナス,minus
N2,中频,まく,まく
N2,高频,まさか,まさか
N2,低频,マスク,mask
N2,高频,ますます,ますます
N3,中频,または,または
N4,未分频,全く,まったく
N1,高频,まとまる,まとまる
N3,低频,まとめる,まとめる
N4,未分频,マナー,manner
N3,中频,まぶしい,まぶしい
N3,中频,マフラー,muffler
N3,低频,ママ,mamma・mama
N2,高频,まもなく,まもなく
N3,中频,まるで,まるで
N2,高频,ミーティング,meeting
N2,高频,ミス,miss
N2,中频,メディア,media
N3,高频,めでたい,めでたい
N5,未分频,メモ,memo
N3,中频,メンバー,member
N5,未分频,もしも,もしも
N2,高频,モデル,model
N3,低频,もともと,もともと
N1,高频,ものすごい,ものすごい
N3,低频,ユーモア,humor
N3,低频,ようこそ,ようこそ
N3,高频,ようやく,ようやく
N2,低频,ライス,rice
N2,低频,ライト,light
N3,低频,ラッシュアワー,rush hour
N2,中频,ラップ,wrap
N3,中频,ランチ,lunch
N3,高频,リサイクル,recycle
N3,中频,リスト,list
N5,未分频,リボン,ribbon
N4,未分频,ルール,rule
N4,未分频,レベル,level
N3,低频,ロッカー,locker
N3,中频,ロビー,lobby
N4,未分频,ロボット,robot
N2,中频,わざと,わざと
N3,低频,ワンピース,one-piece
N2,高频,愛情,あいじょう
N4,未分频,握る,にぎる
N2,低频,握手,あくしゅ
N1,低频,宛名,あてな
N2,高频,安定,あんてい
N3,低频,暗記,あんき
N3,低频,案外,あんがい
N1,高频,以後,いご
N3,高频,以降,いこう
N4,未分频,以来,いらい
N4,未分频,位置,いち
N2,中频,偉大,いだい
N3,高频,囲む,かこむ
N3,高频,意外,いがい
N2,高频,意義,いぎ
N3,中频,意志,いし
N3,高频,意識,いしき
N3,高频,移動,いどう
N3,高频,胃,い
N2,低频,衣料,いりょう
N2,中频,違反,いはん
N3,中频,医師,いし
N2,高频,医療,いりょう
N3,高频,育つ,そだつ
N2,高频,一言,ひとこと
N2,中频,一口,ひとくち
N2,中频,一瞬,いっしゅん
N3,中频,一人一人,ひとりひとり
N4,未分频,一生,いっしょう
N2,高频,一体,いったい
N3,中频,一度に,いちどに
N3,中频,一般,いっぱん
N4,未分频,一部,いちぶ
N4,未分频,一方,いっぽう
N3,中频,一流,いちりゅう
N2,中频,印,しるし
N3,高频,印刷,いんさつ
N3,高频,印象,いんしょう
N3,高频,引き受ける,ひきうける
N3,低频,引っ張る,ひっぱる
N3,低频,院生,いんせい
N2,低频,陰,かげ
N3,中频,隠す,かくす
N2,高频,隠れる,かくれる
N2,高频,宇宙,うちゅう
N2,高频,運,うん
N3,中频,餌,えさ
N3,低频,影,かげ
N4,未分频,映る,うつる
N3,高频,栄養,えいよう
N3,低频,液体,えきたい
N3,低频,延ばす,のばす
N1,中频,援助,えんじょ
N2,高频,沿う,そう
N3,中频,演奏,えんそう
N2,中频,煙,けむり
N3,低频,猿,さる
N3,低频,塩辛い,しおからい
N2,低频,汚染,おせん
N4,未分频,奥,おく
N3,中频,往復,おうふく
N1,中频,応対,おうたい
N3,低频,応用,おうよう
N3,中频,押さえる,おさえる
N2,低频,欧米,おうべい
N3,低频,屋根,やね
N2,高频,穏やか,おだやか
N3,中频,下ろす,おろす
N2,中频,下旬,げじゅん
N1,中频,下水,げすい
N3,低频,化粧,けしょう
N2,中频,何しろ,なにしろ
N4,未分频,何でも,なんでも
N3,中频,何とか,なんとか
N2,中频,何となく,なんとなく
N3,中频,価値,かち
N3,中频,加える,くわえる
N4,未分频,可能,かのう
N3,中频,家賃,やちん
N3,中频,科目,かもく
N3,高频,歌手,かしゅ
N3,低频,火災,かさい
N1,低频,火山,かざん
N2,低频,やけど,やけど
N3,中频,稼ぐ,かせぐ
N3,中频,花火,はなび
N1,低频,いじめる,いじめる
N3,高频,課,か
N4,未分频,過去,かこ
N1,高频,蚊,か
N2,中频,我々,われわれ
N3,高频,我慢,がまん
N2,高频,画面,がめん
N2,中频,芽,め
N3,高频,会員,かいいん
N1,中频,会館,かいかん
N3,中频,解く,とく
N3,低频,解ける,とける
N2,中频,解説,かいせつ
N2,中频,解放,かいほう
N2,低频,回り道,まわりみち
N2,高频,回復,かいふく
N3,中频,怪しい,あやしい
N3,高频,悔しい,くやしい
N2,中频,悔やむ,くやむ
N3,高频,懐かしい,なつかしい
N3,中频,改札口,かいさつぐち
N2,高频,改善,かいぜん
N4,未分频,海岸,かいがん
N3,低频,絵葉書,えはがき
N2,高频,開発,かいはつ
N2,中频,開放,かいほう
N4,未分频,外す,はずす
N2,高频,外れる,はずれる
N1,中频,外科,げか
N3,高频,外出,がいしゅつ
N2,中频,外部,がいぶ
N2,中频,害,がい
N3,中频,蓋,ふた
N3,中频,各駅停車,かくえきていしゃ
N3,低频,各国,かっこく
N3,中频,各地,かくち
N2,高频,拡大,かくだい
N3,中频,確かめる,たしかめる
N4,未分频,確認,かくにん
N5,未分频,覚える,おぼえる
N2,中频,覚悟,かくご
N3,低频,角,かく
N2,中频,角度,かくど
N2,低频,革,かわ
N3,低频,学科,がっか
N3,高频,学期,がっき
N2,高频,学者,がくしゃ
N1,低频,学費,がくひ
N2,中频,学問,がくもん
N3,低频,学歴,がくれき
N4,未分频,楽,らく
N3,中频,楽器,がっき
N3,中频,割れる,われる
N3,高频,割引,わりびき
N3,中频,割合,わりあい
N2,高频,株式会社,かぶしきがいしゃ
N1,低频,刈る,かる
N3,低频,乾燥,かんそう
N2,低频,乾杯,かんぱい
N3,低频,勧める,すすめる
N2,中频,巻く,まく
N3,高频,完成,かんせい
N3,中频,完全,かんぜん
N3,低频,完了,かんりょう
N3,中频,干す,ほす
N4,未分频,感謝,かんしゃ
N3,中频,感情,かんじょう
N3,高频,感想,かんそう
N3,高频,感動,かんどう
N3,高频,歓迎,かんげい
N3,中频,汗,あせ
N2,高频,監督,かんとく
N2,低频,看病,かんびょう
N2,低频,管,くだ
N3,中频,管理,かんり
N3,中频,緩い,ゆるい
N3,低频,間,ま
N3,中频,間隔,かんかく
N3,低频,関する,かんする
N3,中频,関わる,かかわる
N3,高频,関心,かんしん
N1,低频,関西,かんさい
N2,高频,含む,ふくむ
N2,高频,含める,ふくめる
N3,低频,岩,いわ
N3,高频,願う,ねがう
N3,中频,基礎,きそ
N3,中频,基本,きほん
N2,高频,寄せる,よせる
N4,未分频,寄る,よる
N2,中频,旗,はた
N2,高频,すでに,すでに
N3,高频,期間,きかん
N3,中频,期限,きげん
N4,未分频,期待,きたい
N3,低频,期末,きまつ
N2,中频,機器,きき
N2,中频,機嫌,きげん
N3,中频,帰宅,きたく
N4,未分频,気づく,きづく
N3,低频,気の毒,きのどく
N2,中频,気楽,きらく
N2,高频,記憶,きおく
N3,高频,記事,きじ
N2,高频,記者,きしゃ
N3,低频,記入,きにゅう
N3,高频,記録,きろく
N3,低频,輝く,かがやく
N3,高频,疑う,うたがう
N4,未分频,疑問,ぎもん
N2,中频,義務,ぎむ
N2,中频,議員,ぎいん
N2,高频,議論,ぎろん
N2,高频,休暇,きゅうか
N2,高频,休憩,きゅうけい
N3,低频,休講,きゅうこう
N1,高频,及ぼす,およぼす
N4,未分频,急行,きゅうこう
N2,中频,急速,きゅうそく
N2,高频,求める,もとめる
N3,低频,居間,いま
N2,中频,居眠り,いねむり
N2,中频,巨大,きょだい
N2,高频,許可,きょか
N4,未分频,距離,きょり
N2,高频,競技,きょうぎ
N3,高频,共通,きょうつう
N4,未分频,協力,きょうりょく
N2,中频,強調,きょうちょう
N2,高频,恐れる,おそれる
N2,高频,恐縮,きょうしゅく
N2,低频,挟まる,はさまる
N2,高频,挟む,はさむ
N4,未分频,教育,きょういく
N2,低频,教材,きょうざい
N2,中频,教授,きょうじゅ
N3,高频,禁止,きんし
N4,未分频,緊張,きんちょう
N2,高频,近づく,ちかづく
N2,中频,近づける,ちかづける
N1,中频,近寄る,ちかよる
N2,中频,近代,きんだい
N2,高频,近年,きんねん
N2,高频,金額,きんがく
N2,低频,金属,きんぞく
N3,中频,区別,くべつ
N4,未分频,苦しい,くるしい
N2,中频,苦しむ,くるしむ
N3,高频,苦労,くろう
N1,低频,空,から
N3,高频,偶然,ぐうぜん
N3,低频,掘る,ほる
N4,未分频,繰り返す,くりかえす
N2,高频,傾向,けいこう
N2,中频,契約,けいやく
N2,高频,形式,けいしき
N2,低频,敬意,けいい
N2,中频,景気,けいき
N4,未分频,景色,けしき
N3,高频,経つ,たつ
N3,高频,経営,けいえい
N3,中频,計算,けいさん
N2,高频,警備,けいび
N3,中频,芸術,げいじゅつ
N2,高频,激しい,はげしい
N1,中频,隙,すき
N2,中频,隙間,すきま
N2,中频,欠ける,かける
N1,中频,欠勤,けっきん
N3,中频,決まり,きまり
N3,低频,決心,けっしん
N4,未分频,決定,けってい
N3,中频,穴,あな
N3,高频,結ぶ,むすぶ
N3,高频,結局,けっきょく
N3,中频,血液,けつえき
N3,中频,月末,げつまつ
N3,高频,券,けん
N3,低频,嫌がる,いやがる
N3,中频,建築,けんちく
N3,高频,懸命,けんめい
N3,高频,検査,けんさ
N3,中频,検討,けんとう
N2,高频,研修,けんしゅう
N2,低频,絹,きぬ
N1,高频,見かけ,みかけ
N3,低频,見つめる,みつめる
N2,中频,見下ろす,みおろす
N2,低频,見上げる,みあげる
N3,中频,見送る,みおくる
N2,高频,見直す,みなおす
N2,中频,見舞う,みまう
N3,低频,見方,みかた
N2,中频,謙虚,けんきょ
N2,低频,謙遜,けんそん
N2,高频,賢い,かしこい
N2,高频,原稿,げんこう
N3,中频,原料,げんりょう
N3,高频,減らす,へらす
N3,中频,減少,げんしょう
N2,高频,現す,あらわす
N3,低频,現れる,あらわれる
N3,中频,現金,げんきん
N2,高频,現実,げんじつ
N2,高频,現象,げんしょう
N2,高频,現状,げんじょう
N2,高频,現代,げんだい
N1,中频,言い換える,いいかえる
N2,低频,言い出す,いいだす
N2,高频,限り,かぎり
N3,中频,個人,こじん
N3,中频,呼吸,こきゅう
N3,中频,固まる,かたまる
N3,低频,故郷,こきょう
N3,中频,故障,こしょう
N3,中频,枯れる,かれる
N2,中频,雇う,やとう
N3,中频,互い,たがい
N3,中频,語る,かたる
N2,高频,誤解,ごかい
N3,中频,交換,こうかん
N1,中频,交際,こうさい
N3,高频,交流,こうりゅう
N2,高频,公開,こうかい
N1,低频,公害,こうがい
N3,低频,公共,こうきょう
N2,中频,効く,きく
N4,未分频,効果,こうか
N2,中频,効率,こうりつ
N1,低频,口癖,くちぐせ
N3,低频,向かい,むかい
N3,中频,向く,むく
N3,中频,向ける,むける
N2,高频,好き嫌い,すききらい
N2,高频,幸い,さいわい
N2,中频,幸福,こうふく
N3,高频,広がる,ひろがる
N3,低频,広げる,ひろげる
N2,中频,広まる,ひろまる
N1,高频,広める,ひろめる
N3,高频,慌てる,あわてる
N2,高频,さらに,さらに
N3,低频,絞る,しぼる
N2,中频,航空,こうくう
N2,高频,行事,ぎょうじ
N4,未分频,行動,こうどう
N2,高频,行列,ぎょうれつ
N2,高频,講座,こうざ
N2,高频,項目,こうもく
N2,中频,香水,こうすい
N2,高频,高める,たかめる
N2,高频,高級,こうきゅう
N3,低频,高速,こうそく
N4,未分频,合わせる,あわせる
N3,中频,合計,ごうけい
N3,中频,合図,あいず
N2,高频,刻む,きざむ
N2,低频,国々,くにぐに
N2,中频,国家,こっか
N2,中频,国会,こっかい
N1,低频,国籍,こくせき
N2,中频,国民,こくみん
N3,低频,国立,こくりつ
N2,低频,腰掛ける,こしかける
N3,低频,骨,ほね
N3,低频,骨折,こっせつ
N2,高频,込める,こめる
N2,高频,困難,こんなん
N3,中频,根,ね
N2,中频,混乱,こんらん
N3,中频,左右,さゆう
N4,未分频,差,さ
N2,高频,座席,ざせき
N4,未分频,最高,さいこう
N3,高频,最終,さいしゅう
N4,未分频,最大,さいだい
N3,低频,最低,さいてい
N2,高频,才能,さいのう
N1,低频,砕ける,くだける
N3,低频,細長い,ほそながい
N3,低频,載せる,のせる
N3,低频,載る,のる
N1,低频,罪,つみ
N2,中频,財産,ざいさん
N2,高频,作業,さぎょう
N2,高频,作者,さくしゃ
N2,高频,作成,さくせい
N3,中频,削る,けずる
N3,低频,昨日,さくじつ
N2,高频,昨年,さくねん
N2,高频,撮影,さつえい
N2,低频,こする,こする
N1,低频,殺す,ころす
N3,中频,雑巾,ぞうきん
N3,中频,参考,さんこう
N1,中频,惨め,みじめ
N2,低频,散らかす,ちらかす
N2,中频,散る,ちる
N2,中频,産地,さんち
N3,低频,算数,さんすう
N4,未分频,残す,のこす
N3,高频,使用,しよう
N2,低频,刺す,さす
N3,中频,司会,しかい
N3,低频,始発,しはつ
N2,低频,姉妹,しまい
N3,中频,市場,いちば
N3,中频,市場,しじょう
N3,中频,市内,しない
N4,未分频,思い出,おもいで
N2,中频,思わず,おもわず
N3,低频,指示,しじ
N3,高频,指定,してい
N3,高频,指導,しどう
N2,高频,支える,ささえる
N3,高频,支店,してん
N3,高频,支払う,しはらう
N3,低频,氏名,しめい
N1,低频,私立,しりつ
N2,高频,資格,しかく
N1,高频,資金,しきん
N3,高频,資源,しげん
N3,高频,飼う,かう
N3,中频,歯磨き,はみがき
N4,未分频,事件,じけん
N2,高频,事実,じじつ
N3,中频,事情,じじょう
N3,高频,事務,じむ
N4,未分频,似合う,にあう
N3,高频,持ち帰る,もちかえる
N4,未分频,時間割,じかんわり
N3,高频,時期,じき
N3,低频,時刻,じこく
N3,中频,次々,つぎつぎ
N3,中频,示す,しめす
N2,中频,自習,じしゅう
N4,未分频,自身,じしん
N4,未分频,自動,じどう
N4,未分频,自由,じゆう
N2,高频,失う,うしなう
N1,中频,失業,しつぎょう
N2,中频,失望,しつぼう
N1,中频,失恋,しつれん
N2,高频,質,しつ
N3,低频,実,み
N3,中频,実に,じつに
N2,高频,実感,じっかん
N3,高频,実験,じっけん
N2,高频,実現,じつげん
N3,中频,実行,じっこう
N3,低频,実習,じっしゅう
N2,中频,実績,じっせき
N3,低频,実用,じつよう
N3,中频,実力,じつりょく
N3,低频,芝生,しばふ
N3,中频,煮る,にる
N4,未分频,謝る,あやまる
N3,低频,車内,しゃない
N3,低频,主張,しゅちょう
N3,中频,主要,しゅよう
N3,中频,取り出す,とりだす
N3,中频,取り消す,とりけす
N3,中频,取り替える,とりかえる
N3,中频,手術,しゅじゅつ
N2,高频,手続き,てつづき
N3,中频,手段,しゅだん
N4,未分频,手帳,てちょう
N2,高频,手入れ,ていれ
N2,高频,種,たね
N3,低频,首相,しゅしょう
N3,低频,首都,しゅと
N3,中频,受験,じゅけん
N4,未分频,受付,うけつけ
N2,中频,授業料,じゅぎょうりょう
N2,高频,周辺,しゅうへん
N2,高频,就く,つく
N2,中频,就ける,つける
N3,高频,就職,しゅうしょく
N4,未分频,終える,おえる
N3,低频,終了,しゅうりょう
N2,中频,集まり,あつまり
N2,高频,集団,しゅうだん
N3,高频,集中,しゅうちゅう
N1,中频,住居,じゅうきょ
N2,高频,住宅,じゅうたく
N2,高频,住民,じゅうみん
N3,高频,従う,したがう
N3,中频,重なる,かさなる
N3,高频,重ねる,かさねる
N3,中频,重大,じゅうだい
N2,中频,重点,じゅうてん
N3,中频,祝い,いわい
N2,低频,祝う,いわう
N1,中频,祝日,しゅくじつ
N2,中频,縮む,ちぢむ
N2,中频,縮める,ちぢめる
N3,低频,塾,じゅく
N3,高频,出勤,しゅっきん
N3,中频,出身,しゅっしん
N2,高频,出版,しゅっぱん
N2,高频,出来事,できごと
N2,高频,出来上がる,できあがる
N2,高频,述べる,のべる
N2,中频,順序,じゅんじょ
N2,高频,順調,じゅんちょう
N3,高频,順番,じゅんばん
N2,高频,処理,しょり
N3,低频,初級,しょきゅう
N2,高频,初対面,しょたいめん
N2,高频,書店,しょてん
N2,高频,助かる,たすかる
N3,低频,女子,じょし
N1,低频,傷める,いためる
N2,高频,勝手,かって
N3,中频,商業,しょうぎょう
N3,低频,商店,しょうてん
N2,中频,商売,しょうばい
N3,高频,商品,しょうひん
N3,高频,奨学金,しょうがくきん
N3,低频,小型,こがた
N3,中频,小遣い,こづかい
N3,低频,小指,こゆび
N3,低频,小麦,こむぎ
N3,中频,少しも,すこしも
N4,未分频,少女,しょうじょ
N4,未分频,少年,しょうねん
N3,中频,招待,しょうたい
N3,低频,消極的,しょうきょくてき
N3,高频,消費,しょうひ
N2,高频,省く,はぶく
N3,中频,証明,しょうめい
N4,未分频,詳しい,くわしい
N2,高频,賞,しょう
N1,中频,賞味期限,しょうみきげん
N3,低频,上級,じょうきゅう
N2,高频,上達,じょうたつ
N3,高频,乗せる,のせる
N2,低频,乗客,じょうきゃく
N3,低频,乗車,じょうしゃ
N2,高频,場面,ばめん
N3,中频,常に,つねに
N2,高频,常識,じょうしき
N2,高频,条件,じょうけん
N2,高频,状況,じょうきょう
N4,未分频,状態,じょうたい
N3,中频,畳む,たたむ
N2,中频,蒸し暑い,むしあつい
N1,高频,蒸気,じょうき
N2,高频,譲る,ゆずる
N3,中频,飾り,かざり
N3,高频,拭く,ふく
N2,高频,職業,しょくぎょう
N2,高频,職場,しょくば
N4,未分频,触る,さわる
N3,中频,触れる,ふれる
N2,低频,食う,くう
N3,中频,食器,しょっき
N2,高频,食費,しょくひ
N3,低频,食品,しょくひん
N2,高频,食物,しょくもつ
N3,中频,食欲,しょくよく
N4,未分频,食料,しょくりょう
N1,中频,尻尾,しっぽ
N3,高频,伸ばす,のばす
N3,低频,伸びる,のびる
N4,未分频,信用,しんよう
N2,高频,信頼,しんらい
N4,未分频,唇,くちびる
N3,低频,心臓,しんぞう
N2,高频,心理,しんり
N3,中频,振る,ふる
N2,中频,振る舞う,ふるまう
N2,高频,新た,あらた
N4,未分频,新幹線,しんかんせん
N3,低频,森林,しんりん
N2,高频,深まる,ふかまる
N2,高频,深刻,しんこく
N3,高频,申し込む,もうしこむ
N3,中频,申し訳ない,もうしわけない
N1,低频,真っ赤,まっか
N2,中频,真っ白,まっしろ
N2,高频,真似,まね
N2,中频,真似る,まねる
N3,低频,親指,おやゆび
N3,低频,親友,しんゆう
N3,中频,診察,しんさつ
N4,未分频,身,み
N3,中频,身長,しんちょう
N2,高频,身分,みぶん
N3,中频,進学,しんがく
N3,中频,進歩,しんぽ
N3,低频,針,はり
N2,低频,震える,ふるえる
N1,高频,人事,じんじ
N3,中频,人生,じんせい
N2,高频,人物,じんぶつ
N3,低频,酢,す
N3,中频,図,ず
N1,中频,水蒸気,すいじょうき
N2,高频,水分,すいぶん
N2,高频,睡眠,すいみん
N4,未分频,数える,かぞえる
N2,高频,性質,せいしつ
N2,高频,性能,せいのう
N3,中频,性別,せいべつ
N3,高频,成績,せいせき
N2,高频,成立,せいりつ
N2,高频,政府,せいふ
N2,中频,正に,まさに
N4,未分频,正確,せいかく
N2,中频,正式,せいしき
N4,未分频,正直,しょうじき
N3,低频,正面,しょうめん
N3,低频,生,なま
N2,中频,生き生き,いきいき
N3,中频,生き物,いきもの
N3,低频,生け花,いけばな
N2,高频,生じる,しょうじる
N3,高频,生まれ,うまれ
N2,低频,生存,せいぞん
N2,中频,生地,きじ
N3,低频,生年月日,せいねんがっぴ
N3,低频,生物,せいぶつ
N2,中频,生命,せいめい
N2,中频,製作,せいさく
N3,高频,製品,せいひん
N3,低频,税金,ぜいきん
N3,中频,惜しい,おしい
N3,中频,石油,せきゆ
N2,高频,積む,つむ
N2,中频,積もる,つもる
N2,高频,責任,せきにん
N2,高频,設計,せっけい
N2,高频,設備,せつび
N2,高频,節約,せつやく
N2,低频,絶えず,たえず
N4,未分频,絶対,ぜったい
N2,高频,先ほど,さきほど
N3,高频,先日,せんじつ
N3,高频,宣伝,せんでん
N2,中频,専攻,せんこう
N2,低频,尖る,とがる
N4,未分频,戦う,たたかう
N3,中频,洗剤,せんざい
N3,中频,羨ましい,うらやましい
N2,高频,選挙,せんきょ
N3,高频,選択,せんたく
N3,低频,前後,ぜんご
N2,中频,全身,ぜんしん
N4,未分频,全体,ぜんたい
N1,高频,祖先,そせん
N2,高频,素直,すなお
N3,高频,素敵,すてき
N3,中频,組み立てる,くみたてる
N4,未分频,組む,くむ
N1,中频,組合,くみあい
N2,中频,ねずみ,ねずみ
N2,中频,創作,そうさく
N3,中频,倉庫,そうこ
N2,高频,爽やか,さわやか
N3,中频,想像,そうぞう
N3,低频,掃く,はく
N2,中频,操作,そうさ
N2,高频,争う,あらそう
N4,未分频,相手,あいて
N2,中频,送別,そうべつ
N1,低频,霜,しも
N2,中频,騒音,そうおん
N3,高频,増やす,ふやす
N3,中频,増加,ぞうか
N3,中频,憎らしい,にくらしい
N4,未分频,息,いき
N2,中频,足下,あしもと
N1,中频,足首,あしくび
N2,低频,速達,そくたつ
N3,低频,速度,そくど
N3,低频,袖,そで
N2,高频,存在,そんざい
N3,中频,尊敬,そんけい
N2,高频,損,そん
N4,未分频,他人,たにん
N3,高频,多少,たしょう
N2,高频,打ち合わせ,うちあわせ
N4,未分频,体育,たいいく
N3,中频,体重,たいじゅう
N3,高频,対する,たいする
N2,高频,対策,たいさく
N1,中频,対照,たいしょう
N2,高频,対象,たいしょう
N3,中频,待ち合わせる,まちあわせる
N1,低频,怠ける,なまける
N3,中频,滞在,たいざい
N3,高频,代金,だいきん
N3,中频,代表,だいひょう
N3,高频,大会,たいかい
N1,中频,大気,たいき
N1,低频,大工,だいく
N3,中频,大小,だいしょう
N2,高频,大臣,だいじん
N4,未分频,大勢,おおぜい
N1,低频,大陸,たいりく
N4,未分频,第一,だいいち
N3,低频,単位,たんい
N3,低频,単語,たんご
N2,高频,短期,たんき
N2,低频,短所,たんしょ
N2,高频,段階,だんかい
N3,低频,男子,だんし
N3,中频,知識,ちしき
N2,中频,知人,ちじん
N2,高频,地域,ちいき
N2,高频,地方,ちほう
N3,低频,地味,じみ
N4,未分频,遅刻,ちこく
N3,中频,着替え,きがえ
N3,中频,中身,なかみ
N1,低频,中年,ちゅうねん
N3,中频,仲,なか
N4,未分频,仲間,なかま
N4,未分频,昼寝,ひるね
N3,低频,注ぐ,そそぐ
N3,高频,注文,ちゅうもん
N2,高频,注目,ちゅうもく
N2,中频,著者,ちょしゃ
N4,未分频,貯金,ちょきん
N3,中频,眺める,ながめる
N3,高频,調査,ちょうさ
N4,未分频,調子,ちょうし
N2,高频,調節,ちょうせつ
N2,高频,長期,ちょうき
N2,高频,長所,ちょうしょ
N2,低频,長方形,ちょうほうけい
N1,高频,頂戴,ちょうだい
N4,未分频,直接,ちょくせつ
N3,中频,沈む,しずむ
N4,未分频,珍しい,めずらしい
N3,低频,追う,おう
N4,未分频,痛み,いたみ
N3,低频,痛む,いたむ
N2,中频,通過,つうか
N3,中频,通学,つうがく
N3,高频,通勤,つうきん
N3,低频,通行,つうこう
N2,高频,通信,つうしん
N3,中频,通知,つうち
N3,中频,通訳,つうやく
N2,高频,潰す,つぶす
N1,低频,爪,つめ
N3,中频,釣り,つり
N2,高频,低下,ていか
N3,低频,停電,ていでん
N3,低频,定員,ていいん
N3,低频,定期券,ていきけん
N2,高频,提案,ていあん
N2,高频,提出,ていしゅつ
N3,中频,程度,ていど
N3,高频,締める,しめる
N3,中频,締め切り,しめきり
N2,中频,締め切る,しめきる
N3,高频,諦める,あきらめる
N3,低频,敵,てき
N3,中频,適当,てきとう
N3,低频,鉄,てつ
N3,中频,鉄道,てつどう
N1,高频,天然,てんねん
N1,高频,転がる,ころがる
N3,低频,点く,つく
N3,中频,点数,てんすう
N2,高频,伝統,でんとう
N4,未分频,電子,でんし
N1,低频,電線,でんせん
N3,低频,電卓,でんたく
N3,低频,電池,でんち
N3,中频,吐く,はく
N3,中频,登山,とざん
N3,中频,登場,とうじょう
N2,中频,都心,としん
N4,未分频,努力,どりょく
N4,未分频,土,つち
N3,中频,怒鳴る,どなる
N3,中频,凍る,こおる
N2,低频,盗難,とうなん
N4,未分频,当たり前,あたりまえ
N3,高频,当日,とうじつ
N2,低频,答案,とうあん
N1,高频,統計,とうけい
N4,未分频,到着,とうちゃく
N2,低频,踏み切り,ふみきり
N3,低频,頭痛,ずつう
N4,未分频,動かす,うごかす
N3,低频,動作,どうさ
N3,低频,同時,どうじ
N3,中频,憧れる,あこがれる
N3,高频,道路,どうろ
N2,高频,得,とく
N3,中频,得る,える
N4,未分频,得意,とくい
N2,中频,特色,とくしょく
N3,高频,特徴,とくちょう
N3,低频,毒,どく
N2,高频,独特,どくとく
N3,高频,突然,とつぜん
N4,未分频,届く,とどく
N3,低频,日帰り,ひがえり
N3,高频,日常,にちじょう
N3,高频,日程,にってい
N2,高频,日当たり,ひあたり
N2,高频,日付,ひづけ
N2,中频,入場,にゅうじょう
N3,中频,入力,にゅうりょく
N3,高频,年寄り,としより
N2,高频,年代,ねんだい
N3,中频,年齢,ねんれい
N1,低频,燃やす,もやす
N3,高频,悩む,なやむ
N3,高频,納得,なっとく
N2,高频,能率,のうりつ
N2,高频,能力,のうりょく
N2,高频,農家,のうか
N3,中频,農業,のうぎょう
N2,中频,農作物,のうさくぶつ
N2,中频,農産物,のうさんぶつ
N1,低频,農村,のうそん
N1,低频,農民,のうみん
N3,低频,波,なみ
N3,中频,派手,はで
N3,中频,破る,やぶる
N3,中频,破れる,やぶれる
N2,高频,俳優,はいゆう
N2,中频,背負う,せおう
N3,低频,梅,うめ
N3,中频,売り切れる,うりきれる
N2,高频,売れ行き,うれゆき
N3,中频,剝く,むく
N2,中频,拍手,はくしゅ
N3,中频,泊める,とめる
N4,未分频,肌,はだ
N3,高频,畑,はたけ
N5,未分频,八百屋,やおや
N4,未分频,発見,はっけん
N2,高频,発達,はったつ
N3,中频,発売,はつばい
N3,高频,発表,はっぴょう
N2,中频,発明,はつめい
N2,高频,抜く,ぬく
N3,低频,抜ける,ぬける
N2,高频,伴う,ともなう
N2,高频,判断,はんだん
N2,高频,反抗,はんこう
N2,中频,反面,はんめん
N1,中频,犯す,おかす
N1,中频,犯罪,はんざい
N2,高频,範囲,はんい
N2,高频,批判,ひはん
N3,中频,比較,ひかく
N2,中频,皮膚,ひふ
N4,未分频,秘密,ひみつ
N2,高频,費用,ひよう
N2,低频,飛び込む,とびこむ
N3,低频,飛び出す,とびだす
N3,中频,美容,びよう
N3,低频,膝,ひざ
N1,低频,肘,ひじ
N3,中频,必ずしも,かならずしも
N2,高频,必死,ひっし
N3,低频,筆者,ひっしゃ
N3,中频,紐,ひも
N3,低频,氷,こおり
N3,高频,表,ひょう
N2,低频,表れる,あらわれる
N3,低频,表現,ひょうげん
N2,低频,表示,ひょうじ
N2,高频,表情,ひょうじょう
N3,中频,表面,ひょうめん
N3,高频,描く,えがく
N3,中频,描く,かく
N3,中频,秒,びょう
N3,低频,品,しな
N4,未分频,品,ひん
N3,中频,貧しい,まずしい
N4,未分频,不安,ふあん
N1,高频,不幸,ふこう
N4,未分频,不思議,ふしぎ
N3,中频,不足,ふそく
N1,中频,不注意,ふちゅうい
N4,未分频,不満,ふまん
N3,中频,付き合う,つきあう
N2,低频,付近,ふきん
N2,高频,布,ぬの
N2,中频,敷く,しく
N2,高频,普及,ふきゅう
N2,高频,浮かぶ,うかぶ
N2,中频,浮かべる,うかべる
N3,低频,父母,ふぼ
N2,高频,舞台,ぶたい
N3,中频,部品,ぶひん
N3,高频,部分,ぶぶん
N2,高频,風景,ふうけい
N2,高频,幅,はば
N2,中频,覆う,おおう
N1,低频,沸かす,わかす
N3,低频,物価,ぶっか
N2,高频,物事,ものごと
N3,高频,分,ぶん
N3,中频,粉,こな
N2,高频,雰囲気,ふんいき
N3,高频,文句,もんく
N2,中频,平ら,たいら
N3,中频,平気,へいき
N3,中频,平均,へいきん
N3,低频,平等,びょうどう
N4,未分频,平日,へいじつ
N3,中频,柄,がら
N4,未分频,閉じる,とじる
N3,中频,癖,くせ
N3,中频,別々,べつべつ
N3,中频,別れ,わかれ
N2,高频,変更,へんこう
N3,低频,片道,かたみち
N2,高频,保存,ほぞん
N1,低频,捕まる,つかまる
N3,中频,歩道,ほどう
N3,高频,募集,ぼしゅう
N2,中频,暮れ,くれ
N1,低频,暮れる,くれる
N3,中频,包み,つつみ
N3,中频,包丁,ほうちょう
N2,中频,崩す,くずす
N3,中频,抱く,いだく
N3,低频,抱く,だく
N2,中频,放す,はなす
N3,低频,放る,ほうる
N2,低频,方面,ほうめん
N3,中频,訪問,ほうもん
N3,中频,飽きる,あきる
N1,低频,坊ちゃん,ぼっちゃん
N2,高频,望む,のぞむ
N4,未分频,貿易,ぼうえき
N3,高频,防ぐ,ふせぐ
N1,高频,防止,ぼうし
N4,未分频,頬,ほお
N2,高频,ほんの,ほんの
N3,高频,本人,ほんにん
N4,未分频,本物,ほんもの
N3,中频,埋める,うめる
N2,高频,末,すえ
N3,低频,満点,まんてん
N1,低频,味見,あじみ
N3,中频,未来,みらい
N2,高频,魅力,みりょく
N3,低频,夢中,むちゅう
N2,高频,無し,なし
N2,高频,無視,むし
N4,未分频,無事,ぶじ
N3,高频,無料,むりょう
N1,低频,霧,きり
N3,中频,名刺,めいし
N1,低频,名詞,めいし
N2,高频,名所,めいしょ
N2,中频,名人,めいじん
N2,低频,名物,めいぶつ
N2,低频,命じる,めいじる
N4,未分频,命令,めいれい
N3,低频,明ける,あける
N2,高频,明らか,あきらか
N3,中频,免許,めんきょ
N3,中频,面接,めんせつ
N3,高频,面倒,めんどう
N3,高频,目標,もくひょう
N2,高频,目立つ,めだつ
N2,高频,役,やく
N2,高频,役割,やくわり
N3,高频,役所,やくしょ
N2,高频,役立つ,やくだつ
N3,低频,約,やく
N3,中频,訳,わけ
N2,中频,愉快,ゆかい
N4,未分频,輸出,ゆしゅつ
N4,未分频,輸入,ゆにゅう
N2,高频,優秀,ゆうしゅう
N3,高频,優勝,ゆうしょう
N4,未分频,友人,ゆうじん
N2,高频,有効,ゆうこう
N2,高频,有り難い,ありがたい
N4,未分频,誘う,さそう
N2,高频,予算,よさん
N2,高频,予測,よそく
N3,高频,予報,よほう
N2,高频,余裕,よゆう
N3,高频,与える,あたえる
N2,高频,幼い,おさない
N2,低频,揚げる,あげる
N5,未分频,曜日,ようび
N2,中频,溶かす,とかす
N2,高频,要求,ようきゅう
N2,低频,翼,つばさ
N1,中频,裸,はだか
N3,低频,来店,らいてん
N3,中频,頼る,たよる
N3,高频,落ち着く,おちつく
N2,高频,利益,りえき
N2,中频,利口,りこう
N3,低频,理科,りか
N3,低频,理想,りそう
N3,中频,離す,はなす
N2,中频,立ち上がる,たちあがる
N2,高频,立場,たちば
N4,未分频,流す,ながす
N3,高频,流れ,ながれ
N3,高频,流行,りゅうこう
N2,低频,留まる,とまる
N2,中频,留める,とめる
N3,中频,留守番,るすばん
N3,中频,旅,たび
N3,中频,両替,りょうがえ
N3,高频,量,りょう
N2,中频,例外,れいがい
N3,低频,冷ます,さます
N3,高频,冷める,さめる
N3,低频,冷やす,ひやす
N4,未分频,冷蔵,れいぞう
N2,高频,礼儀,れいぎ
N1,低频,列島,れっとう
N2,中频,恋人,こいびと
N1,低频,朗らか,ほがらか
N2,中频,老人,ろうじん
N2,中频,論,ろん
N4,未分频,和,わ
N4,未分频,和食,わしょく
N3,高频,話しかける,はなしかける
N3,高频,話し合う,はなしあう
N2,高频,話題,わだい
N3,中频,嗅ぐ,かぐ
N2,中频,埃,ほこり
N2,高频,曖昧,あいまい
N2,中频,洒落,しゃれ
N3,中频,かゆい,かゆい
N1,低频,〜隻,〜せき
N1,低频,〜殿,〜どの
N2,低频,〜がち,〜がち
N2,低频,〜がる,〜がる
N2,高频,づらい,づらい
N2,低频,〜ぽい,〜ぽい
N2,低频,〜み,〜み
N2,低频,〜羽,〜わ
N4,未分频,〜屋,〜や
N3,低频,箇所,かしょ
N1,高频,額,がく
N2,中频,換える,かえる
N5,未分频,〜口,〜くち
N3,中频,向き,むき
N3,低频,〜向け,〜むけ
N3,低频,〜合う,〜あう
N3,高频,込み,こみ
N3,高频,作り,つくり
N3,低频,産,さん
N3,低频,〜寺,〜じ
N5,未分频,手,しゅ
N3,低频,〜所,〜しょ
N3,低频,〜書,〜しょ
N3,低频,場,じょう
N5,未分频,心,しん
N3,中频,性,せい
N5,未分频,先,さき
N4,未分频,組,くみ
N3,低频,〜足,〜そく
N3,低频,〜通,〜つう
N4,未分频,〜的,〜てき
N2,高频,同士,どうし
N3,低频,〜泊,〜はく
N4,未分频,発,はつ
N3,低频,費,ひ
N2,低频,〜付き,〜つき
N4,未分频,部,ぶ
N4,未分频,歩,ほ
N2,高频,率,りつ
N3,低频,〜料,〜りょう
N4,未分频,アイデア,idea
N3,中频,あくび,あくび
N5,未分频,あと,あと
N3,低频,いくらでも,いくらでも
N1,低频,いじめ,いじめ
N2,中频,いっそ,いっそ
N2,高频,イベント,event
N1,低频,ウィンドー,window
N3,低频,うがい,うがい
N3,低频,うろうろ,うろうろ
N3,高频,おいて,おいて
N3,低频,おお,おお
N3,低频,オーダー,order
N3,低频,おむつ,おむつ
N5,未分频,お子さん,おこさん
N5,未分频,お昼,おひる
N3,低频,お年玉,おとしだま
N2,低频,ガード,guard
N3,低频,罹る,かかる
N3,高频,搔く,かく
N1,低频,がたがた,がたがた
N4,未分频,かっこいい,かっこいい
N2,低频,カップル,couple
N3,中频,カフェ,(フ) café
N3,中频,からから,からから
N3,中频,がらがら,がらがら
N3,低频,かわいらしい,かわいらしい
N1,高频,癌,がん
N2,高频,きのこ,きのこ
N2,中频,きらきら,きらきら
N3,中频,ぐらぐら,ぐらぐら
N3,中频,クリーム,cream
N5,未分频,こういう,こういう
N1,中频,こたつ,こたつ
N2,中频,この頃,このごろ
N3,中频,こぼす,こぼす
N3,中频,こぼれる,こぼれる
N3,低频,サークル,circle
N3,低频,ざあざあ,ざあざあ
N1,中频,サイエンス,science
N1,低频,ざっくり,ざっくり
N3,低频,サボる,さぼる
N1,低频,サラダ油,さらだゆ
N1,低频,しっくり,しっくり
N2,低频,仕様がない,しようがない
N2,中频,しわ,しわ
N2,高频,シンプル,simple
N1,低频,すくすく,すくすく
N3,中频,スケジュール,schedule
N2,高频,スタッフ,staff
N3,低频,ずるい,ずるい
N3,高频,その場,そのば
N3,高频,それでも,それでも
N2,中频,タイム,time
N3,中频,たった,たった
N4,未分频,ため,ため
N1,低频,ため息,ためいき
N3,中频,だるい,だるい
N3,低频,ちかちか,ちかちか
N2,高频,で,で
N2,低频,ティッシュ,tissue
N2,低频,どこまでも,どこまでも
N3,高频,ところが,ところが
N2,低频,どっぷり,どっぷり
N3,低频,ドレッシング,dressing
N2,中频,どれほど,どれほど
N3,高频,なぜか,なぜか
N3,高频,なんか,なんか
N2,高频,バーベキュー,barbecue
N2,中频,パワー,power
N2,低频,ハワイ,Hawaii
N1,中频,バンド,band
N3,低频,ピーマン,(フ) piment
N2,低频,ぴかぴか,ぴかぴか
N3,中频,ヒント,hint
N1,低频,ブラウス,blouse
N1,低频,ぷりぷり,ぷりぷり
N2,中频,べたべた,べたべた
N1,中频,ベビーカー,(和) baby car
N3,中频,ぺらぺら,ぺらぺら
N3,低频,ベンチ,bench
N3,中频,ホームステイ,homestay
N2,低频,ほかほか,ほかほか
N3,中频,まあ,まあ
N2,高频,まく,まく
N3,高频,マラソン,marathon
N2,低频,ミステリー,mystery
N1,低频,もくもく,もくもく
N3,高频,もったいない,もったいない
N1,中频,もむ,もむ
N2,高频,やりとり,やりとり
N3,中频,やり直す,やりなおす
N2,高频,やる気,やるき
N1,低频,よだれ,よだれ
N2,低频,より(副),より
N2,中频,ライフ,life
N3,低频,レシート,receipt
N3,中频,レシピ,recipe
N2,高频,レポーター,reporter
N3,低频,愛用,あいよう
N2,中频,悪口,わるくち
N2,低频,悪天候,あくてんこう
N4,未分频,宛先,あてさき
N1,低频,安静,あんせい
N3,中频,暗証番号,あんしょうばんごう
N3,低频,異常,いじょう
N3,中频,一応,いちおう
N3,高频,一時,いちじ
N1,中频,一周,いっしゅう
N3,高频,一人暮らし,ひとりぐらし
N3,低频,一晩,ひとばん
N3,低频,一部分,いちぶぶん
N1,低频,一方通行,いっぽうつうこう
N2,中频,印鑑,いんかん
N5,未分频,よる,よる
N2,中频,引かれる,ひかれる
N1,高频,引き起こす,ひきおこす
N3,低频,飲料,いんりょう
N5,未分频,右手,みぎて
N5,未分频,右側,みぎがわ
N4,未分频,運ぶ,はこぶ
N3,低频,運休,うんきゅう
N1,中频,運行,うんこう
N2,低频,運命,うんめい
N2,高频,映す,うつす
N1,低频,英文,えいぶん
N2,中频,衛星,えいせい
N3,中频,越える,こえる
N1,中频,延びる,のびる
N3,中频,汚す,よごす
N3,高频,応募,おうぼ
N2,中频,温暖化,おんだんか
N2,高频,下す,くだす
N4,未分频,仮名,かな
N2,中频,何だか,なんだか
N2,高频,何事,なにごと
N1,高频,加工,かこう
N3,低频,可,か
N3,中频,可能性,かのうせい
N1,中频,家屋,かおく
N1,中频,家畜,かちく
N2,中频,家電,かでん
N3,低频,花壇,かだん
N3,中频,花瓶,かびん
N2,低频,花粉症,かふんしょう
N4,未分频,過ごす,すごす
N1,低频,我,われ
N2,高频,我が,わが
N3,中频,画家,がか
N1,低频,画質,がしつ
N3,中频,会計,かいけい
N2,中频,会長,かいちょう
N3,高频,解決,かいけつ
N1,低频,解答,かいとう
N3,中频,回す,まわす
N3,中频,回り,まわり
N3,高频,回収,かいしゅう
N2,低频,懐中電灯,かいちゅうでんとう
N2,中频,改正,かいせい
N4,未分频,絵本,えほん
N1,低频,外貨,がいか
N3,中频,外食,がいしょく
N2,中频,外側,そとがわ
N2,低频,外来,がいらい
N2,中频,概念,がいねん
N3,低频,柿,かき
N3,低频,各〜,かく〜
N2,中频,拡張,かくちょう
N1,中频,核,かく
N1,中频,学長,がくちょう
N2,高频,学力,がくりょく
N3,低频,乾かす,かわかす
N2,中频,勘定,かんじょう
N3,低频,巻,かん
N2,中频,巻き込む,まきこむ
N3,中频,たまる,たまる
N1,中频,幹事,かんじ
N1,高频,缶詰,かんづめ
N2,高频,観,かん
N3,高频,観察,かんさつ
N2,高频,企画,きかく
N1,高频,喜ばしい,よろこばしい
N1,低频,喜劇,きげき
N2,高频,器用,きよう
N1,中频,気がかり,きがかり
N2,高频,気分転換,きぶんてんかん
N2,高频,規模,きぼ
N2,低频,貴重品,きちょうひん
N1,低频,起点,きてん
N1,中频,偽物,にせもの
N3,中频,丘,おか
N4,未分频,救急車,きゅうきゅうしゃ
N5,未分频,牛,うし
N2,低频,居酒屋,いざかや
N3,低频,共通点,きょうつうてん
N2,中频,協会,きょうかい
N1,低频,叫び声,さけびごえ
N2,中频,教員,きょういん
N2,低频,興味深い,きょうみぶかい
N1,中频,驚かす,おどろかす
N3,中频,曲げる,まげる
N1,中频,勤勉,きんべん
N2,高频,勤務,きんむ
N1,中频,緊急,きんきゅう
N1,高频,近々,ちかぢか
N2,中频,区切る,くぎる
N3,中频,空き,あき
N1,低频,空っぽ,からっぽ
N3,低频,空席,くうせき
N1,高频,隅,すみ
N2,低频,隅々,すみずみ
N1,中频,形状,けいじょう
N3,高频,掲示板,けいじばん
N2,高频,経費,けいひ
N3,中频,経由,けいゆ
N2,高频,欠かす,かかす
N3,中频,件,けん
N3,高频,建設,けんせつ
N2,高频,見た目,みため
N1,高频,見かける,みかける
N2,低频,原材料,げんざいりょう
N4,未分频,減る,へる
N2,低频,減点,げんてん
N3,低频,現存,げんそん
N3,低频,言い直す,いいなおす
N2,高频,個性,こせい
N1,高频,古代,こだい
N2,中频,語学力,ごがくりょく
N2,中频,光熱費,こうねつひ
N2,中频,公平,こうへい
N2,中频,口座,こうざ
N3,低频,向かい合う,むかいあう
N2,高频,好み,このみ
N3,高频,広告,こうこく
N3,中频,広場,ひろば
N2,中频,慌ただしい,あわただしい
N2,中频,考え直す,かんがえなおす
N2,低频,航空機,こうくうき
N3,中频,行き先,いきさき
N2,高频,行為,こうい
N2,高频,購入,こうにゅう
N3,低频,降り出す,ふりだす
N3,低频,降り続く,ふりつづく
N2,低频,高,こう
N2,高频,高まる,たかまる
N2,中频,豪華,ごうか
N2,低频,国産,こくさん
N1,中频,黒字,くろじ
N3,低频,今頃,いまごろ
N1,中频,恨む,うらむ
N3,高频,混ぜる,まぜる
N5,未分频,左側,ひだりがわ
N1,中频,差し込む,さしこむ
N2,低频,差出人,さしだしにん
N3,低频,再,さい
N2,低频,再会,さいかい
N5,未分频,最も,もっとも
N2,中频,最小限,さいしょうげん
N3,低频,最多,さいた
N3,低频,最中,さいちゅう
N2,中频,最低限,さいていげん
N2,高频,採用,さいよう
N2,高频,栽培,さいばい
N2,高频,災害,さいがい
N1,低频,災難,さいなん
N1,中频,在住,ざいじゅう
N2,低频,材質,ざいしつ
N3,高频,作り,つくり
N3,低频,作り出す,つくりだす
N2,中频,作り上げる,つくりあげる
N3,高频,作り直す,つくりなおす
N2,低频,残らず,のこらず
N3,中频,残業,ざんぎょう
N1,低频,使い道,つかいみち
N2,中频,使い分ける,つかいわける
N1,低频,刺さる,ささる
N3,高频,市役所,しやくしょ
N2,中频,市立,しりつ
N2,高频,思い切る,おもいきる
N3,中频,思える,おもえる
N1,高频,指先,ゆびさき
N2,低频,指定席,していせき
N2,低频,指名,しめい
N3,中频,支出,ししゅつ
N2,中频,視野,しや
N2,高频,試し,ためし
N3,中频,試食,ししょく
N2,低频,試着,しちゃく
N1,低频,歯ブラシ,はぶらし
N1,低频,寺院,じいん
N1,中频,持ち運ぶ,もちはこぶ
N3,中频,持ち帰り,もちかえり
N2,中频,持ち主,もちぬし
N3,中频,持ち物,もちもの
N3,中频,持ち歩く,もちあるく
N3,中频,時給,じきゅう
N3,低频,時刻表,じこくひょう
N3,中频,治す,なおす
N2,高频,治療,ちりょう
N4,未分频,自己紹介,じこしょうかい
N1,中频,自然科学,しぜんかがく
N3,中频,自慢,じまん
N2,中频,自由席,じゆうせき
N4,未分频,辞める,やめる
N3,中频,室内,しつない
N2,中频,湿度,しつど
N4,未分频,実は,じつは
N3,中频,実家,じっか
N1,中频,実生活,じっせいかつ
N2,中频,写し,うつし
N1,低频,社会科学,しゃかいかがく
N2,高频,社内,しゃない
N3,低频,車庫,しゃこ
N2,中频,車両,しゃりょう
N3,低频,借金,しゃっきん
N3,中频,若者,わかもの
N1,低频,弱み,よわみ
N1,中频,弱める,よわめる
N1,中频,主任,しゅにん
N2,高频,手元,てもと
N2,高频,手作り,てづくり
N2,高频,手数料,てすうりょう
N2,中频,手前,てまえ
N2,中频,手渡す,てわたす
N1,高频,手配,てはい
N3,低频,受かる,うかる
N3,高频,受け取る,うけとる
N3,中频,受け入れる,うけいれる
N2,低频,受信,じゅしん
N2,中频,寿命,じゅみょう
N1,低频,修める,おさめる
N3,高频,修理,しゅうり
N4,未分频,しまい,しまい
N3,低频,終点,しゅうてん
N3,低频,週刊誌,しゅうかんし
N5,未分频,週間,しゅうかん
N2,中频,充電,じゅうでん
N2,高频,従業員,じゅうぎょういん
N1,低频,重たい,おもたい
N2,高频,重視,じゅうし
N3,中频,出し合う,だしあう
N2,高频,出会い,であい
N3,低频,出国,しゅっこく
N3,低频,出入り,でいり
N2,高频,順に,じゅんに
N2,高频,初心者,しょしんしゃ
N3,中频,書き直す,かきなおす
N2,中频,書道,しょどう
N1,低频,書面,しょめん
N2,低频,勝負,しょうぶ
N1,低频,昇る,のぼる
N3,中频,笑い,わらい
N1,中频,笑い声,わらいごえ
N4,未分频,笑顔,えがお
N2,中频,衝突,しょうとつ
N2,低频,上等,じょうとう
N2,中频,上半身,じょうはんしん
N3,中频,上品,じょうひん
N2,低频,乗り継ぐ,のりつぐ
N2,中频,乗り降り,のりおり
N2,中频,乗車券,じょうしゃけん
N2,高频,職員,しょくいん
N3,中频,食後,しょくご
N1,低频,尻,しり
N3,中频,慎重,しんちょう
N3,中频,振り,ふり
N3,中频,振り込む,ふりこむ
N2,中频,新作,しんさく
N2,低频,新車,しんしゃ
N3,高频,新入,しんにゅう
N2,高频,深める,ふかめる
N2,中频,真っ暗,まっくら
N2,中频,神様,かみさま
N2,高频,親しむ,したしむ
N3,中频,親子,おやこ
N1,低频,親父,おやじ
N3,中频,診断,しんだん
N4,未分频,進める,すすめる
N3,中频,進んで,すすんで
N3,中频,人工,じんこう
N3,低频,人差し指,ひとさしゆび
N4,未分频,にんじん,にんじん
N1,高频,人手,ひとで
N1,低频,人出,ひとで
N3,高频,人数,にんずう
N2,中频,人前,ひとまえ
N2,高频,図る,はかる
N1,中频,水温,すいおん
N1,低频,水着,みずぎ
N1,低频,炊飯器,すいはんき
N3,低频,酔う,よう
N3,中频,数年,すうねん
N3,中频,制限,せいげん
N2,高频,制作,せいさく
N3,中频,制服,せいふく
N2,中频,成人,せいじん
N2,高频,整える,ととのえる
N1,中频,星空,ほしぞら
N3,中频,正常,せいじょう
N1,中频,清い,きよい
N2,高频,生き方,いきかた
N1,中频,生まれ育つ,うまれそだつ
N1,低频,生意気,なまいき
N3,高频,盛ん,さかん
N2,低频,請求書,せいきゅうしょ
N1,低频,青少年,せいしょうねん
N2,低频,石炭,せきたん
N4,未分频,切れる,きれる
N4,未分频,接待,せったい
N2,中频,先々,さきざき
N2,低频,専業主婦,せんぎょうしゅふ
N3,高频,専門家,せんもんか
N2,高频,専用,せんよう
N3,中频,洗濯物,せんたくもの
N3,中频,染み,しみ
N2,中频,染める,そめる
N3,低频,線路,せんろ
N3,低频,前回,ぜんかい
N4,未分频,全〜,ぜん〜
N1,高频,全力,ぜんりょく
N1,中频,粗い,あらい
N2,中频,粗末,そまつ
N2,高频,組み合わせ,くみあわせ
N2,中频,組み合わせる,くみあわせる
N3,高频,早め,はやめ
N3,低频,早める,はやめる
N3,低频,走り回る,はしりまわる
N2,中频,送り先,おくりさき
N3,中频,送信,そうしん
N2,高频,送料,そうりょう
N2,中频,憎い,にくい
N3,中频,測る,はかる
N3,低频,足音,あしおと
N2,低频,速める,はやめる
N3,中频,孫,まご
N1,高频,損失,そんしつ
N5,未分频,ほか,ほか
N2,中频,多量,たりょう
N2,高频,体験,たいけん
N2,高频,体調,たいちょう
N2,中频,体内,たいない
N3,高频,体力,たいりょく
N2,高频,対面,たいめん
N1,中频,待合室,まちあいしつ
N4,未分频,袋,ふくろ
N3,中频,退屈,たいくつ
N2,高频,退職,たいしょく
N1,高频,大いに,おおいに
N3,中频,大家,おおや
N4,未分频,大学院,だいがくいん
N2,低频,大喜び,おおよろこび
N2,低频,大使,たいし
N4,未分频,大使館,たいしかん
N1,低频,大昔,おおむかし
N2,低频,大戦,たいせん
N2,低频,大都市,だいとし
N3,中频,大量,たいりょう
N2,高频,宅配,たくはい
N3,中频,奪う,うばう
N3,高频,単に,たんに
N2,中频,単身,たんしん
N3,低频,担当,たんとう
N3,中频,担任,たんにん
N2,中频,探し出す,さがしだす
N2,高频,短期間,たんきかん
N3,中频,短気,たんき
N3,中频,団体,だんたい
N1,低频,団地,だんち
N4,未分频,断る,ことわる
N1,低频,断水,だんすい
N1,低频,断定,だんてい
N3,中频,知り合う,しりあう
N2,中频,恥,はじ
N2,高频,築く,きずく
N1,中频,着替える,きがえる
N3,中频,中古,ちゅうこ
N3,低频,仲直り,なかなおり
N2,低频,柱,はしら
N1,低频,注意深い,ちゅういぶかい
N1,中频,朝晩,あさばん
N1,低频,聴講,ちょうこう
N2,高频,調整,ちょうせい
N3,中频,調味料,ちょうみりょう
N1,低频,長,なが
N2,低频,長距離,ちょうきょり
N3,中频,長時間,ちょうじかん
N2,中频,長年,ながねん
N2,中频,頂上,ちょうじょう
N1,低频,賃貸,ちんたい
N4,未分频,通す,とおす
N3,低频,通りかかる,とおりかかる
N3,中频,通り過ぎる,とおりすぎる
N2,中频,通信販売,つうしんはんばい
N3,低频,通帳,つうちょう
N2,低频,停留所,ていりゅうじょ
N2,高频,定年,ていねん
N3,低频,程,ほど
N3,中频,締まる,しまる
N2,高频,適度,てきど
N2,高频,典型,てんけい
N3,低频,天井,てんじょう
N3,高频,店長,てんちょう
N2,高频,添付,てんぷ
N3,高频,転ぶ,ころぶ
N2,高频,転校,てんこう
N2,高频,転職,てんしょく
N2,中频,伝達,でんたつ
N2,低频,電機,でんき
N3,低频,電球,でんきゅう
N2,高频,電源,でんげん
N4,未分频,電子レンジ,でんしレンジ
N2,低频,吐き気,はきけ
N3,中频,登り,のぼり
N3,高频,度,たび
N3,高频,土地,とち
N1,中频,怒りっぽい,おこりっぽい
N3,低频,東側,ひがしがわ
N1,中频,糖分,とうぶん
N3,高频,豆,まめ
N2,中频,透明,とうめい
N4,未分频,動き,うごき
N1,低频,同,どう
N3,中频,同級生,どうきゅうせい
N1,中频,同行,どうこう
N1,中频,同窓会,どうそうかい
N1,低频,銅,どう
N2,中频,得点,とくてん
N3,低频,特長,とくちょう
N1,低频,読み物,よみもの
N4,未分频,読み方,よみかた
N2,低频,読解,どっかい
N3,低频,内科,ないか
N3,低频,謎,なぞ
N5,未分频,南側,みなみがわ
N2,高频,二度と,にどと
N2,高频,日々,ひび
N2,高频,日にち,ひにち
N2,中频,日課,にっか
N2,中频,日差し,ひざし
N3,高频,日時,にちじ
N2,中频,日用品,にちようひん
N2,低频,入り込む,はいりこむ
N2,低频,入れ替わる,いれかわる
N1,低频,入れ物,いれもの
N2,中频,年々,ねんねん
N2,低频,年下,としした
N3,高频,年間,ねんかん
N2,低频,年上,としうえ
N2,中频,年末,ねんまつ
N2,高频,悩み,なやみ
N1,高频,ばかばかしい,ばかばかしい
N2,中频,拝啓,はいけい
N2,中频,配送,はいそう
N2,低频,売り手,うりて
N2,低频,売り物,うりもの
N3,低频,売り上げ,うりあげ
N2,高频,売店,ばいてん
N2,低频,白黒,しろくろ
N3,中频,縛る,しばる
N3,低频,発言,はつげん
N2,中频,発車,はっしゃ
N3,中频,発生,はっせい
N2,中频,髪型,かみがた
N2,低频,罰金,ばっきん
N3,中频,半々,はんはん
N2,高频,半額,はんがく
N2,中频,半日,はんにち
N4,未分频,半年,はんとし
N3,低频,反〜,はん〜
N2,中频,扉,とびら
N2,低频,批評,ひひょう
N3,中频,秘書,ひしょ
N1,中频,かぶせる,かぶせる
N1,中频,被害者,ひがいしゃ
N3,中频,非常,ひじょう
N2,中频,飛び上がる,とびあがる
N1,中频,尾,お
N1,低频,微笑む,ほほえむ
N1,中频,眉,まゆ
N3,中频,美容院,びよういん
N2,中频,鼻水,はなみず
N1,高频,筆,ふで
N1,中频,病室,びょうしつ
N1,低频,病人,びょうにん
N2,高频,品質,ひんしつ
N2,高频,敏感,びんかん
N3,低频,不〜,ふ〜
N2,中频,不安定,ふあんてい
N2,高频,不可能,ふかのう
N2,低频,不公平,ふこうへい
N2,高频,不十分,ふじゅうぶん
N3,低频,不動産,ふどうさん
N2,低频,不愉快,ふゆかい
N3,高频,夫婦,ふうふ
N1,中频,婦人,ふじん
N3,低频,府,ふ
N2,中频,怖がる,こわがる
N3,中频,腐る,くさる
N2,高频,部下,ぶか
N3,低频,副,ふく
N3,中频,服装,ふくそう
N1,中频,物音,ものおと
N3,中频,物語,ものがたり
N2,中频,物理,ぶつり
N2,高频,分担,ぶんたん
N2,中频,分別,ぶんべつ
N2,高频,聞き取る,ききとる
N2,高频,聞き手,ききて
N1,中频,聞き出す,ききだす
N2,低频,聞き直す,ききなおす
N2,中频,弊社,へいしゃ
N4,未分频,別に,べつに
N2,低频,別荘,べっそう
N2,中频,変換,へんかん
N1,低频,片手,かたて
N3,低频,片方,かたほう
N3,中频,返信,へんしん
N2,高频,保証,ほしょう
N3,低频,歩き回る,あるきまわる
N3,低频,歩行者,ほこうしゃ
N4,未分频,母親,ははおや
N2,高频,包装,ほうそう
N2,低频,宝,たから
N2,高频,方々,かたがた
N3,低频,泡,あわ
N2,高频,本社,ほんしゃ
N3,高频,本日,ほんじつ
N3,中频,本文,ほんぶん
N1,中频,満開,まんかい
N1,低频,未成年,みせいねん
N1,低频,民間,みんかん
N2,中频,民族,みんぞく
N2,低频,眠気,ねむけ
N2,低频,夢見る,ゆめみる
N1,高频,無関心,むかんしん
N2,低频,無責任,むせきにん
N1,中频,無駄遣い,むだづかい
N2,中频,鳴き声,なきごえ
N1,低频,面倒臭い,めんどうくさい
N1,中频,模様,もよう
N1,低频,猛暑,もうしょ
N1,中频,網,あみ
N3,中频,木の葉,このは
N2,中频,木材,もくざい
N2,低频,木造,もくぞう
N2,低频,目上,めうえ
N1,中频,餅,もち
N4,未分频,戻す,もどす
N2,高频,問い合わせる,といあわせる
N2,中频,夜空,よぞら
N1,中频,役員,やくいん
N2,高频,役目,やくめ
N3,中频,薬局,やっきょく
N3,低频,薬指,くすりゆび
N1,中频,躍動,やくどう
N1,中频,油絵,あぶらえ
N2,高频,勇気,ゆうき
N1,高频,由来,ゆらい
N4,未分频,夕食,ゆうしょく
N1,低频,夕暮れ,ゆうぐれ
N2,低频,夕立,ゆうだち
N3,高频,予想,よそう
N3,低频,予想外,よそうがい
N3,中频,余る,あまる
N1,中频,洋,よう
N3,低频,洋式,ようしき
N3,低频,洋食,ようしょく
N3,中频,溶ける,とける
N2,高频,用件,ようけん
N3,中频,用量,ようりょう
N2,中频,欲張り,よくばり
N1,高频,欲望,よくぼう
N3,高频,翌日,よくじつ
N3,低频,翌年,よくねん
N1,中频,頼りない,たよりない
N2,中频,落ち葉,おちば
N2,高频,利く,きく
N2,高频,履歴書,りれきしょ
N1,中频,離婚,りこん
N2,低频,立ち寄る,たちよる
N1,低频,粒,つぶ
N2,中频,了解,りょうかい
N2,低频,両者,りょうしゃ
N4,未分频,両手,りょうて
N3,低频,領収書,りょうしゅうしょ
N2,中频,力強い,ちからづよい
N2,中频,緑茶,りょくちゃ
N1,高频,例える,たとえる
N3,中频,冷凍,れいとう
N2,低频,礼儀正しい,れいぎただしい
N2,高频,恋愛,れんあい
N3,低频,連休,れんきゅう
N1,高频,連日,れんじつ
N2,低频,労働者,ろうどうしゃ
N3,低频,和菓子,わがし
N3,低频,和室,わしつ
N2,中频,話し言葉,はなしことば
N2,中频,話し手,はなして
N1,低频,解かす,とかす
N1,低频,いびき,いびき
N2,高频,事前,じぜん
N3,高频,働き,はたらき
N3,高频,切れ,きれ
N3,低频,どっと,どっと
N2,高频,苦情,くじょう
N2,高频,出場,しゅつじょう
N2,中频,攻める,せめる
N2,中频,特殊,とくしゅ
N2,低频,見当,けんとう
N2,中频,夕刊,ゆうかん
N2,高频,自治,じち
N2,低频,羽,はね
N2,高频,まれ,まれ
N1,中频,論じる,ろんじる
N2,中频,勝敗,しょうはい
N2,中频,保険,ほけん
N1,低频,輪,わ
N2,中频,ねじ,ねじ
N1,中频,くぎ,くぎ
N2,中频,先頭,せんとう
N1,低频,さじ,さじ
N1,中频,要領,ようりょう
N2,中频,不平,ふへい
N4,未分频,雷,かみなり
N2,低频,灯台,とうだい
N2,中频,唯一,ゆいいつ
N3,高频,成る,なる
N1,中频,為す,なす
N2,高频,荒れる,あれる
N3,中频,詰める,つめる
N2,中频,憎む,にくむ
N3,中频,越す,こす
N3,中频,浮く,うく
N2,中频,至る,いたる
N3,中频,勢い,いきおい
N2,高频,潰れる,つぶれる
N3,中频,プロ,professional
N1,低频,ざらざら,ざらざら
N3,中频,高価,こうか
N2,低频,内線,ないせん
N3,中频,縮小,しゅくしょう
N3,中频,不規則,ふきそく
N2,中频,増大,ぞうだい
N2,高频,加速,かそく
N2,中频,引退,いんたい
N3,中频,嫌う,きらう
N3,低频,右折,うせつ
N2,中频,弟子,でし
N2,中频,強化,きょうか
N2,中频,攻撃,こうげき
N2,中频,劣る,おとる
N2,低频,下り,くだり
N1,低频,水平,すいへい
N3,高频,入社,にゅうしゃ
N3,中频,複数,ふくすう
N3,中频,地下,ちか
N2,高频,夜間,やかん
N2,中频,乱暴,らんぼう
N2,中频,麓,ふもと
N3,低频,直後,ちょくご
N1,低频,可決,かけつ
N2,高频,肯定,こうてい
N2,低频,公式,こうしき
N2,中频,平凡,へいぼん
N1,低频,方言,ほうげん
N2,中频,公正,こうせい
N2,高频,特定,とくてい
N2,高频,有利,ゆうり
N2,低频,南極,なんきょく
N2,中频,日光,にっこう
N2,中频,無限,むげん
N1,高频,不利,ふり
N2,中频,主役,しゅやく
N2,中频,質素,しっそ
N3,低频,下線,かせん
N2,低频,ひとりでに,ひとりでに
N2,低频,曲線,きょくせん
N1,中频,図表,ずひょう
N2,高频,創造,そうぞう
N1,中频,複写,ふくしゃ
N1,高频,署名,しょめい
N1,中频,体系,たいけい
N2,低频,なにもかも,なにもかも
N3,低频,それなのに,それなのに
N3,中频,訓練,くんれん
N3,低频,平和,へいわ
N1,中频,しきりに,しきりに
N3,中频,感覚,かんかく
N2,高频,過程,かてい
N2,中频,要点,ようてん
N2,中频,手品,てじな
N3,中频,伝言,でんごん
N2,低频,道徳,どうとく
N2,低频,幸運,こううん
N3,低频,相変わらず,あいかわらず
N3,中频,判子,はんこ
N2,高频,スムーズ,smooth
N1,中频,クレーム,claim
N2,中频,弱点,じゃくてん
N2,低频,見解,けんかい
N2,中频,差し引く,さしひく
N2,中频,一層,いっそう
N2,高频,再び,ふたたび
N2,低频,人混み,ひとごみ
N2,中频,じめじめ,じめじめ
N2,中频,果実,かじつ
N1,高频,詫びる,わびる
N2,中频,強み,つよみ
N1,低频,功績,こうせき
N1,低频,会合,かいごう
N2,低频,出し入れ,だしいれ
N2,中频,厚かましい,あつかましい
N1,低频,洗面台,せんめんだい
N1,低频,先祖,せんぞ
N2,高频,継続,けいぞく
N1,低频,利害,りがい
N1,中频,大木,たいぼく
N2,中频,ユニーク,unique
N1,低频,物置,ものおき
N3,中频,ふと,ふと
N1,高频,記号,きごう
N2,中频,妨げる,さまたげる
N2,中频,落とし物,おとしもの
N2,中频,強引,ごういん
N1,低频,傑作,けっさく
N2,中频,狙い,ねらい
N2,中频,安価,あんか
N1,中频,一人前,いちにんまえ
N3,高频,申し込み,もうしこみ
N2,中频,東西,とうざい
N4,未分频,チップ,tip
N3,中频,受け取り,うけとり
N2,中频,一種,いっしゅ
N3,中频,くたびれる,くたびれる
N3,低频,同様,どうよう
N1,中频,難点,なんてん
N1,高频,上り,のぼり
N1,低频,身動き,みうごき
N3,中频,取り込む,とりこむ
N2,中频,実る,みのる
N2,高频,演技,えんぎ
N2,低频,くっつく,くっつく
N2,中频,そう言えば,そういえば
N1,低频,ねばねば,ねばねば
N2,低频,後ほど,のちほど
N2,高频,元,もと
N1,高频,ひとまず,ひとまず
N3,中频,あふれる,あふれる
N2,中频,くだらない,くだらない
N1,中频,くつろぐ,くつろぐ
N2,高频,わずか,わずか
N1,低频,くず,くず
N2,高频,つながり,つながり
N2,低频,つなげる,つなげる
N2,中频,やかましい,やかましい
N1,低频,よこす,よこす
N2,中频,いわば,いわば
N2,中频,ことわざ,ことわざ
N2,中频,塊,かたまり
N3,低频,おやつ,おやつ
N2,低频,混ざる,まざる
N2,低频,混じる,まじる
N2,中频,交代,こうたい
N2,中频,たちまち,たちまち
N1,高频,跡,あと
N1,低频,くじける,くじける
N2,低频,さびる,さびる
N1,高频,散々,さんざん
N2,中频,思いがけない,おもいがけない
N1,低频,縞,しま
N2,中频,でたらめ,でたらめ
N2,中频,いわゆる,いわゆる
N1,低频,甚だしい,はなはだしい
N1,高频,澄む,すむ
N1,中频,せいぜい,せいぜい
N2,中频,やや,やや
N1,低频,相 槌,あいづち
N2,中频,続々,ぞくぞく
N2,高频,そろえる,そろえる
N1,低频,どける,どける
N1,中频,大ざっぱ,おおざっぱ
N2,低频,おおよそ,おおよそ
N2,高频,蓄える,たくわえる
N2,高频,整う,ととのう
N1,低频,ほどよい,ほどよい
N1,中频,田んぼ,たんぼ
N2,低频,度々,たびたび
N2,高频,当てはまる,あてはまる
N1,高频,当てはめる,あてはめる
N2,中频,入れ替える,いれかえる
N2,低频,濡らす,ぬらす
N2,高频,むしろ,むしろ
N3,低频,はう,はう
N1,低频,ばね,ばね
N2,低频,物差し,ものさし
N2,中频,偏る,かたよる
N2,中频,あくまで,あくまで
N2,中频,無理やり,むりやり
N3,中频,姪,めい
N2,中频,もうかる,もうかる
N3,低频,もっとも,もっとも
N2,中频,厄介,やっかい
N1,中频,かねがね,かねがね
N2,高频,流行る,はやる
N1,低频,れんが,れんが
N3,中频,ろうそく,ろうそく
N2,低频,もたれる,もたれる
N2,低频,ささやく,ささやく
N2,低频,しびれる,しびれる
N2,低频,ほうき,ほうき
N3,低频,ゆでる,ゆでる
N1,低频,つまずく,つまずく
N2,高频,やがて,やがて
N3,中频,くわえる,くわえる
N1,低频,隕石,いんせき
N2,中频,うなずく,うなずく
N3,低频,かじる,かじる
N2,中频,アイロン,iron
N2,中频,アウト,out
N3,低频,あらゆる,あらゆる
N3,中频,アレルギー,(ド) allergie
N2,低频,アンテナ,antenna
N2,低频,インストール,install
N2,低频,うっとり,うっとり
N2,中频,うとうと,うとうと
N2,低频,オイル,oil
N2,中频,オーケストラ,orchestra
N3,中频,ガイドブック,guidebook
N2,低频,カリキュラム,curriculum
N2,低频,カルシウム,calcium
N3,低频,カルチャー,culture
N2,高频,ぎっしり,ぎっしり
N2,低频,キャプテン,captain
N3,中频,クイズ,quiz
N2,中频,くたくた,くたくた
N1,中频,くよくよ,くよくよ
N3,低频,グランド,grand
N2,高频,クリア,clear
N2,中频,ぐんぐん,ぐんぐん
N1,低频,ケア,care
N3,中频,コーナー,corner
N2,低频,コーラス,chorus
N2,低频,コック,(オ) kok
N2,中频,こつこつ,こつこつ
N3,中频,コミュニケーション,communication
N3,低频,ゴム,(オ) gom
N2,中频,コレクション,collection
N2,中频,ごろごろ,ごろごろ
N1,中频,コンクリート,concrete
N2,中频,コンセント,(和) concentric plug
N3,低频,御無沙汰,ごぶさた
N3,低频,さらさら,さらさら
N2,中频,シール,seal
N2,高频,システム,system
N3,低频,しつこい,しつこい
N1,低频,シンボル,symbol
N2,低频,すいすい,すいすい
N3,低频,スタンド,stand
N1,中频,すっと,すっと
N2,高频,ステージ,stage
N3,低频,スピーカー,speaker
N1,低频,スライド,slide
N2,中频,ずらす,ずらす
N2,中频,すらすら,すらすら
N2,中频,ずれる,ずれる
N2,低频,せっせと,せっせと
N2,中频,せめて,せめて
N2,中频,そそっかしい,そそっかしい
N3,高频,そっと,そっと
N2,高频,たっぷり,たっぷり
N2,低频,ダム,dam
N3,中频,だらしない,だらしない
N3,高频,チャレンジ,challenge
N2,高频,テクニック,technic
N2,中频,どうにか,どうにか
N2,中频,とっくに,とっくに
N2,高频,ともかく,ともかく
N3,中频,トレーニング,training
N2,中频,とんでもない,とんでもない
N1,低频,ナース,nurse
N2,中频,なだらか,なだらか
N1,高频,ネットワーク,Network
N2,低频,のろのろ,のろのろ
N1,低频,パーソナル,personal
N3,低频,ハイキング,hiking
N2,低频,はきはき,はきはき
N2,低频,パジャマ,pajamas
N2,中频,ばったり,ばったり
N1,中频,パフォーマンス,performance
N3,低频,バレエ,(フ) ballet
N4,未分频,パンツ,pants
N3,低频,ヒーター,heater
N3,中频,ピクニック,picnic
N2,中频,びっしょり,びっしょり
N2,中频,ビニール,vinyl
N3,低频,ファスナー,fastener
N3,低频,ブーツ,boots
N2,中频,ブーム,boom
N1,中频,ふざける,ふざける
N2,低频,ぶら下げる,ぶらさげる
N1,低频,フリーター,(和) free＋Arbeiter
N2,中频,フレッシュ,fresh
N2,低频,プロジェクター,projector
N3,高频,ペットボトル,PET bottle
N2,高频,ベテラン,veteran
N1,中频,へとへと,へとへと
N2,低频,ヘリコプター,helicopter
N3,低频,ペンキ,(オ) pek
N1,中频,ぼうっと,ぼうっと
N2,高频,ボランティア,volunteer
N2,低频,ぼろぼろ,ぼろぼろ
N2,高频,ぼんやり,ぼんやり
N4,未分频,マーケット,market
N3,中频,マイク,microphone
N2,中频,マイペース,(和) my＋pace
N2,低频,マスコミ,mass communication
N1,中频,マスター,master
N1,中频,マッサージ,massage
N1,低频,みっともない,みっともない
N1,中频,めっきり,めっきり
N1,低频,モーター,motor
N3,中频,もしかしたら,もしかしたら
N1,中频,モダン,modern
N2,中频,ゆったり,ゆったり
N1,中频,ヨット,yacht
N2,高频,ライバル,rival
N3,低频,ラケット,racket
N2,中频,ラベル,label
N1,低频,ランダム,random
N2,中频,ランニング,running
N1,高频,リスク,risk
N1,低频,リストラ,restructuring
N2,高频,リズム,rhythm
N2,高频,リラックス,relax
N4,未分频,レインコート,raincoat
N2,中频,レクリエーション,recreation
N1,中频,レジャー,leisure
N3,低频,レンズ,lens
N1,低频,ローン,loan
N3,低频,ロケット,rocket
N4,未分频,愛する,あいする
N1,低频,圧縮,あっしゅく
N3,中频,扱う,あつかう
N2,中频,安易,あんい
N3,中频,案,あん
N2,低频,位,くらい
N2,高频,依頼,いらい
N2,低频,委員,いいん
N2,低频,威張る,いばる
N2,低频,意地悪,いじわる
N3,低频,慰める,なぐさめる
N1,低频,為替,かわせ
N2,高频,異なる,ことなる
N2,高频,維持,いじ
N1,中频,衣食住,いしょくじゅう
N3,低频,衣服,いふく
N2,中频,育児,いくじ
N1,中频,一家,いっか
N2,高频,いったん,いったん
N2,高频,一致,いっち
N2,低频,一通り,ひととおり
N2,高频,一定,いってい
N2,中频,引き止める,ひきとめる
N3,中频,引き出す,ひきだす
N2,低频,引き返す,ひきかえす
N1,低频,引っ掛かる,ひっかかる
N3,低频,引っ掛ける,ひっかける
N2,低频,引っ込む,ひっこむ
N2,中频,引用,いんよう
N1,低频,引力,いんりょく
N2,中频,永遠,えいえん
N1,中频,衛生,えいせい
N1,中频,園芸,えんげい
N3,中频,延期,えんき
N2,高频,延長,えんちょう
N2,高频,演劇,えんげき
N1,中频,演説,えんぜつ
N1,低频,煙突,えんとつ
N2,中频,塩分,えんぶん
N1,低频,応じる,おうじる
N3,高频,応援,おうえん
N3,低频,応接,おうせつ
N2,低频,沖,おき
N3,低频,屋外,おくがい
N2,中频,恩恵,おんけい
N2,中频,温厚,おんこう
N2,高频,温暖,おんだん
N2,低频,下書き,したがき
N1,低频,下町,したまち
N3,低频,仮定,かてい
N2,中频,加わる,くわわる
N2,高频,加減,かげん
N2,低频,加熱,かねつ
N1,低频,架空,かくう
N2,中频,歌謡,かよう
N1,低频,過失,かしつ
N2,高频,過剰,かじょう
N1,低频,解雇,かいこ
N2,中频,解散,かいさん
N2,高频,解釈,かいしゃく
N3,中频,回数,かいすう
N2,中频,回転,かいてん
N2,高频,回答,かいとう
N3,低频,快晴,かいせい
N2,高频,快適,かいてき
N2,高频,改めて,あらためて
N2,中频,改める,あらためる
N3,中频,改札,かいさつ
N2,中频,海水浴,かいすいよく
N3,低频,絵の具,えのぐ
N3,中频,絵画,かいが
N3,低频,開会,かいかい
N1,低频,外交,がいこう
N1,中频,概論,がいろん
N1,低频,街角,まちかど
N1,低频,垣根,かきね
N2,高频,各自,かくじ
N2,中频,拡充,かくじゅう
N1,高频,殻,から
N4,未分频,確か,たしか
N3,中频,確実,かくじつ
N2,中频,確率,かくりつ
N3,中频,覚める,さめる
N2,中频,隔てる,へだてる
N1,低频,学術,がくじゅつ
N3,低频,顎,あご
N2,中频,割と,わりと
N2,中频,活気,かっき
N2,中频,活字,かつじ
N2,高频,活躍,かつやく
N2,高频,活用,かつよう
N2,中频,活力,かつりょく
N2,低频,葛藤,かっとう
N2,中频,勘,かん
N2,高频,勘違い,かんちがい
N3,中频,感激,かんげき
N3,中频,感心,かんしん
N2,中频,甘やかす,あまやかす
N3,低频,観客,かんきゃく
N2,中频,観測,かんそく
N2,中频,観念,かんねん
N2,高频,鑑賞,かんしょう
N2,高频,関連,かんれん
N2,中频,願望,がんぼう
N1,高频,危うい,あやうい
N2,高频,器具,きぐ
N3,低频,基づく,もとづく
N2,高频,基準,きじゅん
N1,中频,基地,きち
N1,高频,基盤,きばん
N2,中频,奇妙,きみょう
N1,高频,希薄,きはく
N3,低频,機関,きかん
N1,低频,機関車,きかんしゃ
N2,高频,機能,きのう
N2,中频,気圧,きあつ
N2,中频,気配,けはい
N2,高频,気味,きみ
N2,低频,規律,きりつ
N2,高频,貴重,きちょう
N1,低频,飢える,うえる
N2,中频,儀式,ぎしき
N2,中频,議会,ぎかい
N2,低频,議長,ぎちょう
N3,高频,詰まる,つまる
N2,中频,客席,きゃくせき
N2,中频,休業,きゅうぎょう
N1,中频,休息,きゅうそく
N2,中频,休養,きゅうよう
N2,高频,吸収,きゅうしゅう
N2,中频,急激,きゅうげき
N1,中频,急用,きゅうよう
N2,中频,救う,すくう
N2,中频,求人,きゅうじん
N1,高频,給与,きゅうよ
N2,高频,去る,さる
N1,中频,漁業,ぎょぎょう
N3,低频,漁師,りょうし
N2,中频,供給,きょうきゅう
N2,高频,共に,ともに
N2,中频,境界,きょうかい
N2,低频,強力,きょうりょく
N2,低频,恐らく,おそらく
N4,未分频,恐ろしい,おそろしい
N2,中频,恐怖,きょうふ
N3,中频,教わる,おそわる
N2,中频,教養,きょうよう
N1,中频,響き,ひびき
N3,低频,響く,ひびく
N2,低频,極,ごく
N3,中频,勤め,つとめ
N1,低频,琴,こと
N2,低频,筋,すじ
N2,高频,筋肉,きんにく
N2,中频,金魚,きんぎょ
N1,中频,金庫,きんこ
N1,高频,金銭,きんせん
N1,高频,金融,きんゆう
N1,中频,区域,くいき
N2,低频,区分,くぶん
N2,中频,空想,くうそう
N1,中频,空中,くうちゅう
N2,中频,群れ,むれ
N2,中频,傾く,かたむく
N1,中频,刑事,けいじ
N3,低频,型,かた
N2,低频,契機,けいき
N2,高频,恵まれる,めぐまれる
N3,高频,掲示,けいじ
N2,中频,敬う,うやまう
N3,低频,蛍光灯,けいこうとう
N2,低频,警告,けいこく
N2,中频,芸能,げいのう
N2,高频,劇,げき
N2,中频,劇場,げきじょう
N2,低频,桁,けた
N1,低频,欠く,かく
N2,中频,欠陥,けっかん
N3,中频,欠点,けってん
N2,中频,結論,けつろん
N3,中频,血圧,けつあつ
N2,高频,兼ねる,かねる
N2,低频,憲法,けんぽう
N2,低频,権利,けんり
N2,中频,見回る,みまわる
N2,低频,見慣れる,みなれる
N2,中频,見事,みごと
N2,低频,見出し,みだし
N3,中频,見本,みほん
N2,高频,険しい,けわしい
N1,中频,原始,げんし
N2,低频,原理,げんり
N2,低频,厳重,げんじゅう
N3,中频,現れ,あらわれ
N2,高频,現場,げんば
N2,低频,言いつける,いいつける
N2,高频,限る,かぎる
N2,高频,限界,げんかい
N1,中频,限度,げんど
N2,中频,古典,こてん
N3,中频,呼びかける,よびかける
N2,中频,誇り,ほこり
N2,中频,娯楽,ごらく
N1,中频,のち,のち
N2,高频,後者,こうしゃ
N2,低频,碁,ご
N3,高频,語学,ごがく
N2,中频,誤り,あやまり
N2,高频,候補,こうほ
N2,中频,光景,こうけい
N2,低频,公衆,こうしゅう
N2,低频,公表,こうひょう
N2,中频,効力,こうりょく
N1,低频,口実,こうじつ
N2,高频,好む,このむ
N3,高频,工夫,くふう
N2,中频,広々,ひろびろ
N2,中频,校舎,こうしゃ
N3,低频,校庭,こうてい
N3,低频,構わない,かまわない
N2,高频,構成,こうせい
N2,中频,構造,こうぞう
N2,低频,耕す,たがやす
N2,高频,考慮,こうりょ
N1,中频,行楽,こうらく
N2,低频,行儀,ぎょうぎ
N2,低频,行方,ゆくえ
N3,高频,講演,こうえん
N2,高频,貢献,こうけん
N2,中频,高層,こうそう
N2,中频,合同,ごうどう
N1,中频,合理的,ごうりてき
N1,低频,合流,ごうりゅう
N2,中频,克服,こくふく
N3,高频,今にも,いまにも
N1,低频,混合,こんごう
N3,中频,混雑,こんざつ
N2,低频,差し伸べる,さしのべる
N1,高频,差別,さべつ
N2,高频,催し,もよおし
N2,中频,催促,さいそく
N2,低频,再三,さいさん
N1,高频,最先端,さいせんたん
N2,低频,塞ぐ,ふさぐ
N3,低频,採る,とる
N2,中频,済ませる,すませる
N1,低频,裁判,さいばん
N2,高频,際,さい
N2,中频,在学,ざいがく
N2,低频,作曲,さっきょく
N3,低频,作物,さくもつ
N2,中频,作法,さほう
N2,中频,削除,さくじょ
N2,中频,擦れ違う,すれちがう
N3,低频,札,さつ
N2,高频,雑草,ざっそう
N2,中频,雑談,ざつだん
N1,低频,三日月,みかづき
N1,低频,山林,さんりん
N2,低频,酸性,さんせい
N2,中频,酸素,さんそ
N2,高频,刺激,しげき
N3,高频,姿勢,しせい
N2,高频,子育て,こそだて
N1,中频,子孫,しそん
N2,高频,思い込む,おもいこむ
N2,中频,思い切り,おもいきり
N3,中频,思いつく,おもいつく
N2,中频,思想,しそう
N2,高频,支配,しはい
N3,中频,支払い,しはらい
N3,低频,旨,むね
N2,中频,糸口,いとぐち
N2,低频,紫,むらさき
N2,高频,至急,しきゅう
N1,高频,資本,しほん
N2,低频,歯車,はぐるま
N2,中频,事態,じたい
N2,中频,児童,じどう
N1,低频,持ち出す,もちだす
N1,中频,持ち上げる,もちあげる
N3,中频,持参,じさん
N1,低频,時速,じそく
N2,高频,次ぐ,つぐ
N3,高频,次第,しだい
N1,低频,治まる,おさまる
N2,高频,自ら,みずから
N3,高频,自宅,じたく
N1,高频,執筆,しっぴつ
N2,中频,湿る,しめる
N3,低频,湿気,しっけ
N2,高频,実施,じっし
N3,中频,実物,じつぶつ
N1,低频,実例,じつれい
N1,中频,芝居,しばい
N2,低频,写生,しゃせい
N3,低频,斜め,ななめ
N3,低频,車道,しゃどう
N2,低频,若々しい,わかわかしい
N2,中频,主義,しゅぎ
N2,中频,主力,しゅりょく
N3,低频,取っ手,とって
N3,中频,取り上げる,とりあげる
N2,高频,取り入れる,とりいれる
N4,未分频,取れる,とれる
N2,高频,取材,しゅざい
N2,高频,手間,てま
N2,低频,受け持つ,うけもつ
N2,中频,受賞,じゅしょう
N2,高频,需要,じゅよう
N2,高频,収まる,おさまる
N2,高频,収める,おさめる
N2,高频,収穫,しゅうかく
N2,高频,周囲,しゅうい
N1,中频,宗教,しゅうきょう
N2,高频,修正,しゅうせい
N2,低频,習字,しゅうじ
N2,低频,集会,しゅうかい
N2,中频,住まい,すまい
N3,高频,したがって,したがって
N3,低频,汁,しる
N2,低频,重役,じゅうやく
N2,低频,重力,じゅうりょく
N1,低频,宿,やど
N2,高频,宿泊,しゅくはく
N2,中频,出世,しゅっせ
N1,高频,出来上がり,できあがり
N2,高频,瞬間,しゅんかん
N2,中频,循環,じゅんかん
N1,高频,純粋,じゅんすい
N2,中频,巡る,めぐる
N2,低频,順々,じゅんじゅん
N1,高频,処分,しょぶん
N2,低频,初歩,しょほ
N2,中频,所有,しょゆう
N1,中频,書斎,しょさい
N2,中频,書籍,しょせき
N2,中频,書物,しょもつ
N2,中频,助手,じょしゅ
N1,中频,女優,じょゆう
N2,高频,徐々に,じょじょに
N2,高频,除く,のぞく
N3,中频,勝ち,かち
N1,低频,商人,しょうにん
N2,高频,将棋,しょうぎ
N2,低频,小屋,こや
N3,低频,少数,しょうすう
N2,低频,少量,しょうりょう
N2,中频,承る,うけたまわる
N2,低频,承認,しょうにん
N2,高频,招く,まねく
N2,中频,消化,しょうか
N1,中频,消去,しょうきょ
N2,中频,消耗,しょうもう
N2,中频,焦点,しょうてん
N2,中频,照らす,てらす
N2,高频,症状,しょうじょう
N2,中频,省エネ,しょうエネ
N2,高频,省略,しょうりゃく
N1,低频,賞品,しょうひん
N2,高频,障害,しょうがい
N1,低频,障子,しょうじ
N3,低频,上下,じょうげ
N1,高频,上旬,じょうじゅん
N2,高频,乗り越える,のりこえる
N3,低频,城,しろ
N1,高频,情熱,じょうねつ
N2,中频,蒸発,じょうはつ
N1,中频,植木,うえき
N3,低频,職人,しょくにん
N1,中频,色づく,いろづく
N1,高频,食糧,しょくりょう
N2,低频,侵入,しんにゅう
N2,低频,審判,しんぱん
N2,低频,心境,しんきょう
N2,中频,心身,しんしん
N2,低频,心当たり,こころあたり
N1,中频,心得る,こころえる
N2,中频,振り向く,ふりむく
N2,中频,深夜,しんや
N3,高频,申し訳,もうしわけ
N3,中频,申請,しんせい
N2,中频,真っ先,まっさき
N2,高频,真剣,しんけん
N2,高频,神経,しんけい
N2,中频,神話,しんわ
N3,低频,芯,しん
N1,低频,診る,みる
N2,中频,身体,しんたい
N1,高频,進路,しんろ
N1,低频,人見知り,ひとみしり
N1,低频,人種,じんしゅ
N2,中频,人通り,ひとどおり
N2,高频,人類,じんるい
N2,中频,ずうずうしい,ずうずうしい
N2,中频,図鑑,ずかん
N1,低频,図形,ずけい
N3,高频,図書,としょ
N2,中频,垂直,すいちょく
N2,中频,推薦,すいせん
N1,中频,推定,すいてい
N2,高频,水準,すいじゅん
N3,低频,水筒,すいとう
N1,低频,水平線,すいへいせん
N2,低频,水面,すいめん
N1,低频,随筆,ずいひつ
N1,中频,杉,すぎ
N1,低频,寸法,すんぽう
N2,高频,世間,せけん
N3,中频,世紀,せいき
N2,高频,制度,せいど
N2,高频,成分,せいぶん
N2,低频,政党,せいとう
N2,高频,整備,せいび
N2,高频,正す,ただす
N1,低频,正味,しょうみ
N3,低频,正門,せいもん
N3,中频,清潔,せいけつ
N1,低频,清書,せいしょ
N3,低频,清掃,せいそう
N3,中频,生える,はえる
N1,低频,誓う,ちかう
N2,中频,請求,せいきゅう
N1,低频,税関,ぜいかん
N2,高频,接する,せっする
N1,低频,接近,せっきん
N2,高频,接続,せつぞく
N2,低频,節,ふし
N2,中频,説,せつ
N1,高频,絶滅,ぜつめつ
N2,低频,先端,せんたん
N2,中频,占う,うらなう
N2,中频,占める,しめる
N2,中频,専念,せんねん
N2,低频,前者,ぜんしゃ
N2,中频,前進,ぜんしん
N2,中频,全般,ぜんぱん
N2,高频,狙う,ねらう
N2,中频,素質,そしつ
N2,中频,素人,しろうと
N2,高频,組織,そしき
N2,中频,訴える,うったえる
N2,中频,遡る,さかのぼる
N2,中频,創意,そうい
N3,低频,双子,ふたご
N1,中频,挿入,そうにゅう
N4,未分频,早起き,はやおき
N2,低频,早口,はやくち
N2,中频,巣,す
N2,中频,相違,そうい
N2,中频,相互,そうご
N2,高频,相当,そうとう
N2,高频,総務,そうむ
N3,低频,葬式,そうしき
N2,高频,装置,そうち
N2,中频,騒々しい,そうぞうしい
N2,中频,騒がしい,さわがしい
N2,高频,像,ぞう
N2,高频,増す,ます
N3,低频,束,たば
N2,中频,測定,そくてい
N3,低频,足跡,あしあと
N3,中频,続き,つづき
N2,中频,続出,ぞくしゅつ
N2,高频,尊重,そんちょう
N2,中频,損害,そんがい
N2,中频,妥当,だとう
N2,中频,打ち消す,うちけす
N2,中频,体温,たいおん
N2,中频,体制,たいせい
N2,高频,対立,たいりつ
N3,低频,帯,おび
N1,中频,逮捕,たいほ
N2,中频,代理,だいり
N2,高频,台詞,せりふ
N1,低频,大層,たいそう
N1,高频,大半,たいはん
N2,中频,題名,だいめい
N2,中频,滝,たき
N2,高频,濁る,にごる
N3,低频,達する,たっする
N2,中频,単なる,たんなる
N3,中频,単純,たんじゅん
N2,高频,探る,さぐる
N1,低频,短編,たんぺん
N4,未分频,誕生,たんじょう
N2,中频,知らず知らず,しらずしらず
N2,中频,知恵,ちえ
N1,中频,知事,ちじ
N2,高频,知能,ちのう
N2,中频,地位,ちい
N2,低频,地下水,ちかすい
N1,低频,地質,ちしつ
N2,低频,地帯,ちたい
N1,中频,地盤,じばん
N3,中频,地面,じめん
N2,高频,着々,ちゃくちゃく
N2,高频,中央,ちゅうおう
N3,中频,中間,ちゅうかん
N1,低频,中世,ちゅうせい
N1,中频,中途,ちゅうと
N2,高频,中略,ちゅうりゃく
N2,高频,抽象的,ちゅうしょうてき
N3,中频,虫歯,むしば
N1,低频,貯蔵,ちょぞう
N1,低频,彫る,ほる
N2,中频,彫刻,ちょうこく
N3,低频,朝刊,ちょうかん
N1,低频,朝夕,あさゆう
N3,中频,眺め,ながめ
N1,低频,跳ねる,はねる
N2,低频,長引く,ながびく
N2,中频,直径,ちょっけい
N1,中频,直線,ちょくせん
N3,中频,直前,ちょくぜん
N2,中频,追いかける,おいかける
N3,低频,追い越す,おいこす
N3,低频,追い抜く,おいぬく
N3,低频,追いつく,おいつく
N2,高频,追加,ついか
N2,中频,通用,つうよう
N2,中频,通路,つうろ
N2,低频,停止,ていし
N3,中频,停車,ていしゃ
N3,低频,定期,ていき
N1,中频,定規,じょうぎ
N3,低频,定休日,ていきゅうび
N2,高频,抵抗,ていこう
N2,高频,的確,てきかく
N2,高频,適切,てきせつ
N1,高频,適用,てきよう
N3,中频,溺れる,おぼれる
N2,高频,哲学,てつがく
N2,高频,徹底,てってい
N2,中频,徹夜,てつや
N2,高频,展開,てんかい
N3,中频,展覧,てんらん
N3,低频,点ける,つける
N1,低频,殿,との
N1,中频,田植え,たうえ
N1,低频,電柱,でんちゅう
N2,低频,電波,でんぱ
N2,低频,電力,でんりょく
N2,中频,努める,つとめる
N1,低频,投書,とうしょ
N2,中频,投票,とうひょう
N2,高频,当時,とうじ
N4,未分频,当然,とうぜん
N1,低频,当番,とうばん
N2,中频,等しい,ひとしい
N2,中频,統一,とういつ
N3,低频,逃がす,にがす
N1,中频,陶芸,とうげい
N1,低频,頭脳,ずのう
N1,低频,働き者,はたらきもの
N2,中频,同一,どういつ
N1,高频,同期,どうき
N1,中频,童話,どうわ
N3,低频,道順,みちじゅん
N2,低频,特売,とくばい
N2,低频,独り言,ひとりごと
N3,低频,独立,どくりつ
N2,中频,凸凹,でこぼこ
N2,低频,突き当たる,つきあたる
N1,低频,突っ込む,つっこむ
N2,低频,軟弱,なんじゃく
N1,中频,肉食,にくしょく
N2,低频,虹,にじ
N2,中频,熱する,ねっする
N2,中频,熱帯,ねったい
N2,中频,熱中,ねっちゅう
N2,中频,年月,ねんげつ
N1,低频,濃度,のうど
N1,低频,納まる,おさまる
N2,低频,納める,おさめる
N2,高频,農薬,のうやく
N2,高频,破片,はへん
N1,低频,俳句,はいく
N2,中频,敗れる,やぶれる
N3,高频,配達,はいたつ
N3,中频,売り切れ,うりきれ
N1,中频,売買,ばいばい
N1,低频,剝がす,はがす
N1,中频,博士,はかせ
N2,中频,薄める,うすめる
N2,中频,迫る,せまる
N1,低频,爆発的,ばくはつてき
N2,低频,莫大,ばくだい
N2,中频,鉢,はち
N2,高频,発揮,はっき
N2,高频,発行,はっこう
N1,低频,発射,はっしゃ
N2,高频,発想,はっそう
N2,低频,発電,はつでん
N2,低频,半ば,なかば
N1,低频,半径,はんけい
N2,高频,反する,はんする
N2,高频,反映,はんえい
N2,高频,反省,はんせい
N2,低频,板,いた
N3,中频,販売,はんばい
N3,中频,否定,ひてい
N1,中频,悲劇,ひげき
N1,高频,皮肉,ひにく
N2,高频,被害,ひがい
N2,高频,避ける,さける
N3,低频,飛ばす,とばす
N3,高频,飛行,ひこう
N2,高频,備える,そなえる
N3,低频,微妙,びみょう
N1,高频,必需品,ひつじゅひん
N2,中频,筆記,ひっき
N1,中频,標識,ひょうしき
N1,中频,標準,ひょうじゅん
N2,中频,表紙,ひょうし
N2,高频,評価,ひょうか
N2,高频,評判,ひょうばん
N2,中频,評論,ひょうろん
N2,高频,不可,ふか
N2,中频,不快,ふかい
N1,高频,不正,ふせい
N3,中频,付き合い,つきあい
N2,中频,付属,ふぞく
N3,高频,負け,まけ
N2,高频,負担,ふたん
N2,中频,武器,ぶき
N1,低频,武士,ぶし
N1,低频,風呂敷,ふろしき
N3,中频,沸く,わく
N1,低频,物語る,ものがたる
N2,高频,物質,ぶっしつ
N2,低频,物騒,ぶっそう
N2,中频,分解,ぶんかい
N2,高频,分析,ぶんせき
N2,高频,分野,ぶんや
N2,中频,分量,ぶんりょう
N3,低频,分類,ぶんるい
N1,低频,噴火,ふんか
N1,中频,文芸,ぶんげい
N2,中频,文献,ぶんけん
N2,低频,文体,ぶんたい
N1,中频,文脈,ぶんみゃく
N1,高频,文明,ぶんめい
N1,高频,平行,へいこう
N2,中频,並木,なみき
N2,高频,編集,へんしゅう
N2,低频,便箋,びんせん
N2,高频,捕らえる,とらえる
N2,高频,補う,おぎなう
N1,高频,呆れる,あきれる
N1,中频,宝石,ほうせき
N2,高频,崩れる,くずれる
N2,高频,抱える,かかえる
N3,中频,方角,ほうがく
N2,高频,方針,ほうしん
N2,低频,法則,ほうそく
N2,高频,豊富,ほうふ
N1,低频,坊や,ぼうや
N2,中频,暴れる,あばれる
N2,低频,望み,のぞみ
N1,中频,望遠鏡,ぼうえんきょう
N3,低频,棒,ぼう
N1,高频,冒険,ぼうけん
N2,低频,膨らます,ふくらます
N2,高频,膨らむ,ふくらむ
N2,高频,膨大,ぼうだい
N2,高频,防災,ぼうさい
N2,中频,防犯,ぼうはん
N3,低频,吠える,ほえる
N2,中频,牧場,ぼくじょう
N1,低频,牧畜,ぼくちく
N3,低频,本来,ほんらい
N1,低频,盆,ぼん
N2,中频,枚数,まいすう
N2,中频,幕,まく
N3,低频,枕,まくら
N2,低频,満ちる,みちる
N2,高频,味わう,あじわう
N2,低频,民主,みんしゅ
N2,中频,務める,つとめる
N2,中频,無意識,むいしき
N2,中频,無数,むすう
N2,低频,無地,むじ
N2,中频,矛盾,むじゅん
N4,未分频,名,な
N2,低频,名作,めいさく
N3,低频,名字,みょうじ
N3,中频,明かり,あかり
N2,高频,明確,めいかく
N3,中频,明後日,みょうごにち
N3,低频,鳴らす,ならす
N2,低频,面積,めんせき
N2,中频,毛糸,けいと
N3,低频,毛布,もうふ
N1,高频,目安,めやす
N2,中频,目印,めじるし
N3,中频,目覚まし,めざまし
N2,高频,目指す,めざす
N1,中频,目次,もくじ
N2,低频,目前,もくぜん
N3,低频,問い合わせ,といあわせ
N2,高频,問う,とう
N1,低频,矢印,やじるし
N1,中频,役者,やくしゃ
N2,中频,薬品,やくひん
N2,中频,油断,ゆだん
N2,中频,輸送,ゆそう
N2,高频,優れる,すぐれる
N2,低频,優良,ゆうりょう
N2,中频,勇ましい,いさましい
N3,低频,友情,ゆうじょう
N1,低频,有能,ゆうのう
N2,高频,有無,うむ
N2,中频,湧く,わく
N3,中频,郵送,ゆうそう
N3,低频,夕日,ゆうひ
N2,中频,予期,よき
N2,中频,予備,よび
N2,中频,予防,よぼう
N2,高频,余計,よけい
N2,中频,よそ,よそ
N1,高频,余分,よぶん
N3,高频,預かる,あずかる
N3,高频,預ける,あずける
N2,中频,幼児,ようじ
N2,中频,容易,ようい
N3,中频,容器,ようき
N3,低频,揺れる,ゆれる
N2,低频,溶け込む,とけこむ
N2,高频,用いる,もちいる
N2,低频,用語,ようご
N2,中频,用心,ようじん
N2,中频,用途,ようと
N4,未分频,葉っぱ,はっぱ
N2,高频,要するに,ようするに
N2,高频,要素,ようそ
N3,低频,陽気,ようき
N2,中频,養分,ようぶん
N3,低频,抑える,おさえる
N3,低频,来日,らいにち
N2,高频,頼り,たより
N2,高频,乱れる,みだれる
N2,低频,欄,らん
N1,低频,裏口,うらぐち
N2,中频,裏切る,うらぎる
N1,低频,陸,りく
N2,中频,率直,そっちょく
N2,低频,立ち止まる,たちどまる
N2,中频,立ち上げる,たちあげる
N2,高频,略す,りゃくす
N2,中频,両国,りょうこく
N2,低频,両端,りょうたん
N2,低频,涼む,すずむ
N2,中频,臨時,りんじ
N2,中频,冷静,れいせい
N3,中频,恋しい,こいしい
N3,高频,連れ,つれ
N1,高频,連想,れんそう
N2,高频,連続,れんぞく
N2,高频,労働,ろうどう
N1,中频,老い,おい
N2,低频,老化,ろうか
N1,低频,老後,ろうご
N3,低频,録音,ろくおん
N2,低频,論争,ろんそう
N3,中频,話し合い,はなしあい
N2,低频,脇,わき
N2,低频,丼,どんぶり
N2,低频,籠,かご
N1,中频,交う,かう
N2,低频,きる,きる
N3,高频,くさい,くさい
N3,低频,〜ごと,〜ごと
N2,低频,〜ぞろい,〜ぞろい
N2,低频,〜たて,〜たて
N2,低频,〜だらけ,〜だらけ
N2,低频,寄り,より
N3,低频,沿い,ぞい
N1,低频,街,がい
N2,高频,割り,わり
N3,低频,期,き
N2,低频,〜気味,〜ぎみ
N1,低频,強,きょう
N3,低频,系,けい
N2,中频,権,けん
N2,低频,〜遣い,〜づかい
N3,高频,込む,こむ
N2,低频,〜祭,〜さい
N3,低频,紙,し
N3,高频,持ち,もち
N2,低频,弱,じゃく
N2,低频,省,しょう
N2,低频,色,しょく
N1,高频,触り,さわり
N2,低频,〜ぶり,〜ぶり
N2,低频,〜前,〜まえ
N2,低频,帯,たい
N2,低频,談,だん
N2,中频,知らず,しらず
N2,低频,着,ちゃく
N3,低频,〜帳,〜ちょう
N1,中频,庁,ちょう
N3,高频,届け,とどけ
N2,低频,難,なん
N2,低频,〜がたい,〜がたい
N2,低频,〜避け,〜よけ
N2,低频,〜風,〜ふう
N2,高频,並み,なみ
N2,中频,編,へん
N2,中频,未満,みまん
N2,低频,〜離れ,〜ばなれ
N3,低频,〜流,〜りゅう
N4,未分频,〜力,〜りょく
N2,低频,〜連れ,〜づれ
N2,高频,アピール,appeal
N2,低频,アポイントメント,appointment
N2,低频,アマチュア,amateur
N1,低频,あやふや,あやふや
N2,低频,蟻,あり
N2,中频,ありがち,ありがち
N3,高频,アンケート,(フ) enquete
N2,中频,いい加減,いいかげん
N1,中频,いささか,いささか
N1,低频,いざという時,いざというとき
N1,低频,いじる,いじる
N3,低频,炒める,いためる
N4,未分频,いろんな,いろんな
N1,低频,嘘つき,うそつき
N2,低频,うっすら,うっすら
N2,中频,うつむく,うつむく
N1,低频,おおかみ,おおかみ
N1,低频,オークション,auction
N1,中频,おまけ,おまけ
N2,中频,オリジナル,original
N2,低频,オルガン,organ
N3,低频,お決まり,おきまり
N1,低频,カーナビ,car navigation system
N2,低频,かかりつけ,かかりつけ
N2,中频,かさかさ,かさかさ
N2,中频,かすか,かすか
N2,高频,かつて,かつて
N2,中频,叶う,かなう
N2,中频,叶える,かなえる
N2,中频,かばう,かばう
N3,低频,からす,からす
N1,高频,絆,きずな
N1,低频,毅然,きぜん
N2,中频,きっぱり,きっぱり
N2,低频,キャッチボール,(和) catch ball
N2,低频,きょろきょろ,きょろきょろ
N2,中频,くじ,くじ
N2,低频,くじ引き,くじびき
N2,低频,くっきり,くっきり
N1,高频,ぐっと,ぐっと
N2,低频,くみ取る,くみとる
N1,低频,くみ上げる,くみあげる
N2,低频,ぐるぐる,ぐるぐる
N2,中频,こだわり,こだわり
N2,高频,こだわる,こだわる
N2,高频,ごちゃごちゃ,ごちゃごちゃ
N2,中频,コツ,こつ
N2,高频,この度,このたび
N2,低频,コンテンツ,contents
N1,低频,さえずる,さえずる
N2,中频,ささやか,ささやか
N2,中频,さっと,さっと
N2,低频,錆,さび
N1,中频,嗜好,しこう
N2,高频,じっくり,じっくり
N2,中频,しつけ,しつけ
N2,低频,しっとり,しっとり
N2,中频,ジャンル,(フ) genre
N1,低频,しょんぼり,しょんぼり
N3,低频,ずきずき,ずきずき
N2,高频,掬う,すくう
N1,低频,スケッチ,sketch
N1,中频,雀,すずめ
N1,低频,ずっしり,ずっしり
N1,低频,せかせか,せかせか
N2,高频,そもそも,そもそも
N2,中频,それとなく,それとなく
N3,高频,タイトル,title
N4,未分频,だったら,だったら
N3,高频,たとえ,たとえ
N1,中频,タブー,taboo
N3,低频,データ,data
N2,中频,どうにも,どうにも
N1,低频,とかく,とかく
N2,低频,とやかく,とやかく
N2,高频,トラブル,trouble
N1,中频,トラベル,travel
N2,高频,とりあえず,とりあえず
N3,中频,どれだけ,どれだけ
N1,中频,どんより,どんより
N3,低频,なめる,なめる
N3,中频,なんと,なんと
N2,高频,ニーズ,needs
N2,中频,にっこり,にっこり
N2,中频,にもかかわらず,にもかかわらず
N1,中频,ばか,ばか
N3,高频,はず,はず
N3,中频,ばらばら,ばらばら
N2,低频,ばりばり,ばりばり
N1,中频,びくびく,びくびく
N1,低频,ひねる,ひねる
N1,中频,ひらひら,ひらひら
N1,低频,淵,ふち
N1,低频,ふとした,ふとした
N2,中频,フリーマーケット,flea market
N1,高频,プロジェクト,project
N2,中频,ふんわり,ふんわり
N2,中频,ほっと,ほっと
N2,中频,ボトル,bottle
N2,高频,ほぼ,ほぼ
N3,高频,まして,まして
N1,低频,マッチ,match
N2,中频,マニュアル,manual
N2,低频,剝ける,むける
N2,中频,めくる,めくる
N2,中频,めったに,めったに
N2,高频,メリット,merit
N3,低频,もしかすると,もしかすると
N2,中频,もたらす,もたらす
N2,低频,もとより,もとより
N3,高频,やった,やった
N2,中频,やむを得ない,やむをえない
N1,低频,やられる,やられる
N1,高频,やり遂げる,やりとげる
N1,低频,やり通す,やりとおす
N2,低频,よくも,よくも
N3,低频,ラッシュ,rush
N3,低频,リーダー,leader
N1,高频,リーダーシップ,leadership
N2,高频,レンタル,rental
N2,高频,わざわざ,わざわざ
N2,中频,悪化,あっか
N1,低频,安,やす
N1,中频,安らか,やすらか
N2,中频,意思,いし
N2,高频,意図,いと
N3,低频,衣類,いるい
N3,中频,育ち,そだち
N3,低频,一〜,ひと〜
N2,高频,一気に,いっきに
N3,低频,一段,いちだん
N2,中频,一転,いってん
N1,高频,引き上げる,ひきあげる
N2,中频,引き続き,ひきつづき
N1,低频,引き裂く,ひきさく
N2,低频,雨天,うてん
N3,中频,運び,はこび
N2,高频,映像,えいぞう
N2,高频,鋭い,するどい
N2,中频,円滑,えんかつ
N1,低频,往来,おうらい
N2,低频,応える,こたえる
N3,中频,応答,おうとう
N3,低频,押し込む,おしこむ
N1,中频,押し出す,おしだす
N1,中频,旺盛,おうせい
N1,低频,横暴,おうぼう
N1,低频,音色,ねいろ
N2,低频,下回る,したまわる
N2,高频,仮,かり
N1,高频,何とも,なんとも
N2,中频,家計,かけい
N2,高频,果たす,はたす
N1,低频,架け橋,かけはし
N2,高频,課題,かだい
N2,低频,貨幣,かへい
N1,中频,過疎,かそ
N2,高频,解消,かいしょう
N1,高频,解明,かいめい
N2,中频,快い,こころよい
N1,低频,懐かしむ,なつかしむ
N2,低频,改まる,あらたまる
N1,高频,改革,かいかく
N2,低频,皆無,かいむ
N2,中频,開花,かいか
N3,低频,開館,かいかん
N2,高频,開催,かいさい
N2,高频,外見,がいけん
N1,高频,崖,がけ
N2,高频,概要,がいよう
N1,中频,格差,かくさ
N2,高频,獲得,かくとく
N2,中频,確立,かくりつ
N1,低频,学業,がくぎょう
N1,中频,学説,がくせつ
N3,低频,割り引く,わりびく
N1,高频,活性,かっせい
N2,高频,勧め,すすめ
N2,中频,勧誘,かんゆう
N1,中频,感染,かんせん
N1,低频,歓声,かんせい
N1,低频,監視,かんし
N2,中频,簡略,かんりゃく
N1,中频,観賞,かんしょう
N2,高频,間近,まぢか
N1,中频,館長,かんちょう
N1,中频,丸ごと,まるごと
N2,中频,頑固,がんこ
N2,中频,危機,きき
N1,中频,奇跡,きせき
N2,中频,帰省,きせい
N1,低频,気まま,きまま
N2,高频,気軽,きがる
N2,中频,気象,きしょう
N1,低频,紀元,きげん
N1,低频,貴族,きぞく
N1,低频,起動,きどう
N2,低频,疑い,うたがい
N1,高频,議題,ぎだい
N2,高频,客観的,きゃっかんてき
N1,中频,逆転,ぎゃくてん
N2,高频,および,および
N2,中频,及ぶ,およぶ
N2,低频,吸い込む,すいこむ
N1,低频,宮殿,きゅうでん
N1,低频,給食,きゅうしょく
N1,低频,居住,きょじゅう
N2,中频,供える,そなえる
N2,高频,競う,きそう
N2,中频,共働き,ともばたらき
N1,低频,叫び,さけび
N1,高频,強まる,つよまる
N2,中频,強める,つよめる
N2,高频,恐れ,おそれ
N2,低频,恐れ多い,おそれおおい
N1,高频,恐れ入る,おそれいる
N1,低频,教え子,おしえご
N3,中频,教科,きょうか
N2,中频,興奮,こうふん
N3,高频,驚き,おどろき
N2,中频,業績,ぎょうせき
N2,低频,業務,ぎょうむ
N2,低频,禁じる,きんじる
N3,中频,襟,えり
N3,低频,近道,ちかみち
N2,中频,区切り,くぎり
N1,低频,駆けつける,かけつける
N1,高频,駆使,くし
N3,中频,愚痴,ぐち
N1,中频,空腹,くうふく
N2,高频,傾ける,かたむける
N2,高频,掲載,けいさい
N1,高频,携わる,たずさわる
N5,未分频,携帯,けいたい
N2,低频,計,けい
N2,中频,計測,けいそく
N2,中频,軽々,かるがる
N1,中频,軽やか,かろやか
N2,中频,軽視,けいし
N2,低频,鶏,にわとり
N2,低频,決めつける,きめつける
N2,中频,決意,けつい
N2,高频,決勝,けっしょう
N2,高频,決断,けつだん
N2,中频,結びつく,むすびつく
N2,中频,結びつける,むすびつける
N1,低频,月刊,げっかん
N3,低频,月間,げっかん
N1,中频,建て前,たてまえ
N1,低频,肩書き,かたがき
N1,低频,見違える,みちがえる
N1,低频,見回す,みまわす
N1,低频,見合い,みあい
N2,中频,見込み,みこみ
N2,中频,見失う,みうしなう
N1,低频,見捨てる,みすてる
N2,中频,見守る,みまもる
N2,高频,見積もり,みつもり
N1,高频,見通す,みとおす
N2,中频,見渡す,みわたす
N2,低频,見抜く,みぬく
N2,中频,見分ける,みわける
N3,中频,原,はら
N1,中频,原則,げんそく
N1,低频,原文,げんぶん
N1,低频,厳格,げんかく
N1,低频,厳粛,げんしゅく
N2,低频,幻,まぼろし
N2,中频,減量,げんりょう
N2,低频,玄人,くろうと
N1,低频,現,げん
N2,中频,現地,げんち
N1,中频,言い合う,いいあう
N2,中频,言い切る,いいきる
N1,中频,言い分,いいぶん
N2,中频,言い訳,いいわけ
N2,低频,限りない,かぎりない
N2,高频,限定,げんてい
N2,中频,個別,こべつ
N1,低频,古〜,ふる〜
N1,低频,古今,ここん
N2,低频,呼び止める,よびとめる
N2,中频,固める,かためる
N1,高频,誇る,ほこる
N1,高频,雇用,こよう
N2,高频,後悔,こうかい
N1,低频,後世,こうせい
N3,中频,後半,こうはん
N3,低频,後方,こうほう
N2,中频,誤る,あやまる
N3,低频,交通機関,こうつうきかん
N1,高频,候補者,こうほしゃ
N2,低频,公立,こうりつ
N2,低频,効き目,ききめ
N2,中频,効用,こうよう
N3,低频,向き合う,むきあう
N1,高频,好意,こうい
N2,中频,好奇心,こうきしん
N1,低频,好況,こうきょう
N2,高频,好調,こうちょう
N2,低频,好評,こうひょう
N3,低频,好物,こうぶつ
N1,低频,抗議,こうぎ
N2,中频,構え,かまえ
N2,中频,構図,こうず
N1,低频,考古学,こうこがく
N3,低频,行き,ゆき
N1,低频,行き過ぎる,いきすぎる
N2,中频,行く先,ゆくさき
N1,高频,行政,ぎょうせい
N2,高频,講師,こうし
N1,低频,鉱山,こうざん
N1,中频,降水,こうすい
N2,高频,高度,こうど
N2,高频,高齢化,こうれいか
N2,中频,今のところ,いまのところ
N2,中频,今時,いまどき
N1,高频,昆虫,こんちゅう
N2,中频,根気,こんき
N1,中频,混同,こんどう
N2,中频,差し支える,さしつかえる
N1,高频,差し出す,さしだす
N2,高频,催す,もよおす
N1,低频,採択,さいたく
N1,低频,災い,わざわい
N1,中频,細工,さいく
N1,高频,在庫,ざいこ
N1,低频,在籍,ざいせき
N1,高频,削減,さくげん
N2,中频,錯覚,さっかく
N2,低频,擦れ違い,すれちがい
N1,低频,山腹,さんぷく
N2,高频,仕組み,しくみ
N1,高频,仕入れる,しいれる
N3,高频,仕様,しよう
N2,低频,使い果たす,つかいはたす
N2,中频,使命,しめい
N3,低频,市長,しちょう
N2,高频,志望,しぼう
N1,中频,思いもよらない,おもいもよらない
N2,高频,思い切って,おもいきって
N1,高频,思い当たる,おもいあたる
N2,中频,思い浮かぶ,おもいうかぶ
N2,中频,思い浮かべる,おもいうかべる
N2,中频,思い立つ,おもいたつ
N1,中频,思わしくない,おもわしくない
N2,低频,指差す,ゆびさす
N3,低频,施設,しせつ
N2,中频,脂肪,しぼう
N2,中频,視界,しかい
N2,低频,視線,しせん
N1,高频,視聴,しちょう
N2,高频,試す,ためす
N2,中频,試作,しさく
N1,中频,資産,しさん
N2,中频,事典,じてん
N2,高频,事柄,ことがら
N2,中频,持ち込む,もちこむ
N2,中频,もてる,もてる
N2,高频,時点,じてん
N3,高频,次第に,しだいに
N2,中频,自覚,じかく
N1,高频,自立,じりつ
N2,中频,辞退,じたい
N4,未分频,式,しき
N2,高频,実践,じっせん
N1,高频,実体,じったい
N2,中频,実態,じったい
N5,未分频,借り,かり
N1,高频,若干,じゃっかん
N2,中频,弱々しい,よわよわしい
N1,中频,弱者,じゃくしゃ
N2,低频,主観,しゅかん
N1,中频,主催,しゅさい
N2,高频,主体的,しゅたいてき
N1,低频,主題,しゅだい
N2,高频,取りかかる,とりかかる
N2,高频,取り組む,とりくむ
N1,低频,取り締まり,とりしまり
N3,中频,取り付ける,とりつける
N2,中频,取り戻す,とりもどす
N2,高频,手軽,てがる
N1,低频,手厚い,てあつい
N2,中频,手頃,てごろ
N2,中频,手当て,てあて
N2,低频,手放す,てばなす
N2,低频,手本,てほん
N3,中频,受け入れ,うけいれ
N3,中频,受け付ける,うけつける
N1,中频,収支,しゅうし
N1,中频,就学,しゅうがく
N1,高频,就業,しゅうぎょう
N1,低频,修飾,しゅうしょく
N1,低频,終始,しゅうし
N1,中频,習性,しゅうせい
N2,低频,襲う,おそう
N1,低频,住み着く,すみつく
N2,高频,充実,じゅうじつ
N2,中频,従来,じゅうらい
N3,中频,重ねて,かさねて
N2,低频,重苦しい,おもくるしい
N1,中频,重複,ちょうふく
N1,中频,重要視,じゅうようし
N1,中频,宿命,しゅくめい
N1,中频,縮まる,ちぢまる
N2,低频,出現,しゅつげん
N2,低频,出生,しゅっしょう
N1,低频,出品,しゅっぴん
N2,低频,準〜,じゅん〜
N2,高频,順,じゅん
N1,高频,初,はつ
N2,中频,初期,しょき
N2,高频,所属,しょぞく
N1,高频,所得,しょとく
N2,中频,書き込む,かきこむ
N1,低频,書き取る,かきとる
N1,中频,書き留める,かきとめる
N2,低频,書名,しょめい
N2,低频,諸〜,しょ〜
N3,中频,助け,たすけ
N1,高频,助言,じょげん
N2,中频,傷つける,きずつける
N2,中频,傷み,いたみ
N2,低频,傷む,いたむ
N2,低频,傷つく,きずつく
N1,低频,勝ち抜く,かちぬく
N1,中频,勝ち負け,かちまけ
N1,高频,勝利,しょうり
N1,中频,奨励,しょうれい
N2,低频,小児科,しょうにか
N3,低频,小声,こごえ
N3,中频,小銭,こぜに
N1,中频,少なからず,すくなからず
N2,低频,少子化,しょうしか
N1,高频,昇進,しょうしん
N3,低频,焦げる,こげる
N2,高频,照明,しょうめい
N2,中频,証拠,しょうこ
N2,中频,象徴,しょうちょう
N1,中频,賞味,しょうみ
N1,低频,上,かみ
N3,高频,上る,のぼる
N1,中频,上映,じょうえい
N2,高频,上回る,うわまわる
N2,低频,上記,じょうき
N2,高频,上昇,じょうしょう
N1,高频,乗り込む,のりこむ
N1,中频,乗り切る,のりきる
N4,未分频,場,ば
N3,低频,情けない,なさけない
N1,低频,織物,おりもの
N2,中频,職,しょく
N2,中频,食生活,しょくせいかつ
N1,低频,侵害,しんがい
N1,高频,審査,しんさ
N2,中频,心強い,こころづよい
N1,中频,心遣い,こころづかい
N1,中频,心構え,こころがまえ
N1,低频,心細い,こころぼそい
N1,中频,心得,こころえ
N1,低频,心ない,こころない
N1,高频,振り回す,ふりまわす
N1,低频,振るう,ふるう
N1,高频,振る舞い,ふるまい
N1,中频,振興,しんこう
N2,中频,振動,しんどう
N1,高频,新規,しんき
N1,低频,新緑,しんりょく
N2,低频,真〜,ま〜
N1,中频,真夏,まなつ
N1,低频,診療,しんりょう
N1,低频,辛抱,しんぼう
N3,中频,進み,すすみ
N2,高频,進化,しんか
N3,中频,進行,しんこう
N2,高频,進出,しんしゅつ
N2,低频,進入,しんにゅう
N1,高频,人員,じんいん
N3,中频,人間関係,にんげんかんけい
N1,高频,人脈,じんみゃく
N1,低频,人目,ひとめ
N1,中频,甚大,じんだい
N2,中频,尽きる,つきる
N2,中频,尽くす,つくす
N1,低频,図式,ずしき
N1,高频,推移,すいい
N2,低频,推測,すいそく
N2,低频,水っぽい,みずっぽい
N1,高频,遂げる,とげる
N1,低频,随一,ずいいち
N3,低频,数〜,すう〜
N2,低频,裾,すそ
N1,中频,世帯,せたい
N2,高频,世代,せだい
N1,中频,世論,よろん
N2,低频,成し遂げる,なしとげる
N2,中频,成り立つ,なりたつ
N1,高频,成熟,せいじゅく
N1,低频,整然,せいぜん
N1,中频,星座,せいざ
N3,低频,正,せい
N2,高频,生かす,いかす
N2,低频,生きがい,いきがい
N2,中频,生き残る,いきのこる
N3,低频,生み出す,うみだす
N4,未分频,生む,うむ
N1,高频,生育,せいいく
N2,低频,生計,せいけい
N1,低频,生理,せいり
N1,高频,盛り込む,もりこむ
N2,高频,盛り上がる,もりあがる
N2,中频,精一杯,せいいっぱい
N1,低频,声優,せいゆう
N1,中频,誠実,せいじつ
N1,高频,青年,せいねん
N1,低频,骨身を惜しまず,ほねみをおしまず
N2,中频,積み重ねる,つみかさねる
N1,低频,切り開く,きりひらく
N2,中频,切り捨てる,きりすてる
N1,中频,切り出す,きりだす
N1,高频,接触,せっしょく
N2,高频,設置,せっち
N2,高频,設定,せってい
N2,高频,説得,せっとく
N2,中频,説得力,せっとくりょく
N2,中频,絶える,たえる
N1,低频,絶つ,たつ
N2,高频,先着,せんちゃく
N2,中频,先立つ,さきだつ
N1,低频,千切れる,ちぎれる
N2,低频,専業,せんぎょう
N2,中频,戦い,たたかい
N2,高频,戦略,せんりゃく
N1,中频,洗面所,せんめんじょ
N2,中频,染まる,そまる
N2,低频,染みる,しみる
N1,高频,繊維,せんい
N1,低频,薦める,すすめる
N2,中频,選考,せんこう
N3,高频,選択肢,せんたくし
N2,高频,前提,ぜんてい
N2,低频,善,ぜん
N2,高频,素材,そざい
N1,高频,素早い,すばやい
N2,中频,訴え,うったえ
N2,中频,想定,そうてい
N2,中频,早まる,はやまる
N2,高频,早急,さっきゅう
N2,中频,争い,あらそい
N2,中频,ふさわしい,ふさわしい
N2,低频,相次いで,あいついで
N2,中频,相性,あいしょう
N2,低频,総額,そうがく
N2,中频,総合,そうごう
N2,低频,草花,くさばな
N1,高频,装飾,そうしょく
N1,低频,騒然,そうぜん
N2,低频,憎しみ,にくしみ
N2,中频,即座,そくざ
N1,中频,息苦しい,いきぐるしい
N2,中频,息抜き,いきぬき
N1,高频,速やか,すみやか
N2,高频,他社,たしゃ
N2,高频,他者,たしゃ
N2,中频,多種多様,たしゅたよう
N2,中频,多数,たすう
N1,高频,打ち出す,うちだす
N2,中频,打ち上げ,うちあげ
N2,中频,打ち上げる,うちあげる
N2,中频,打ち明ける,うちあける
N1,中频,体格,たいかく
N4,未分频,対,たい
N2,高频,対処,たいしょ
N1,低频,対称,たいしょう
N1,高频,対戦,たいせん
N2,中频,対等,たいとう
N3,中频,待ち合わせ,まちあわせ
N1,中频,待遇,たいぐう
N1,中频,態勢,たいせい
N3,中频,貸し出す,かしだす
N1,低频,退会,たいかい
N3,低频,退学,たいがく
N2,中频,台数,だいすう
N4,未分频,大,だい
N4,未分频,大〜,おお〜
N2,中频,大まか,おおまか
N1,低频,大人げない,おとなげない
N2,中频,大豆,だいず
N2,高频,大幅,おおはば
N1,中频,大役,たいやく
N2,中频,題,だい
N2,高频,達成,たっせい
N2,中频,誰しも,だれしも
N2,低频,誰一人,だれひとり
N2,中频,単調,たんちょう
N1,低频,炭,すみ
N2,中频,短縮,たんしゅく
N3,中频,段,だん
N2,中频,値引き,ねびき
N1,中频,値下げ,ねさげ
N2,低频,値上がり,ねあがり
N2,中频,値上げ,ねあげ
N1,高频,地区,ちく
N2,高频,地元,じもと
N2,低频,地上,ちじょう
N1,高频,地道,じみち
N2,中频,遅くとも,おそくとも
N2,中频,秩序,ちつじょ
N2,中频,着実,ちゃくじつ
N2,中频,中継,ちゅうけい
N3,低频,中旬,ちゅうじゅん
N1,中频,中途半端,ちゅうとはんぱ
N1,中频,忠告,ちゅうこく
N3,高频,注,ちゅう
N1,低频,超〜,ちょう〜
N1,低频,超す,こす
N3,低频,跳ぶ,とぶ
N1,中频,長生き,ながいき
N1,低频,長続き,ながつづき
N2,中频,頂,いただき
N1,低频,直〜,じか〜
N2,中频,追及,ついきゅう
N1,高频,追求,ついきゅう
N2,低频,釣り合う,つりあう
N2,高频,定着,ていちゃく
N2,高频,提供,ていきょう
N1,中频,程遠い,ほどとおい
N1,低频,ほど近い,ほどちかい
N1,低频,転回,てんかい
N2,高频,転換,てんかん
N2,高频,転勤,てんきん
N2,中频,徒歩,とほ
N1,高频,都度,つど
N2,高频,怒り,いかり
N1,中频,倒産,とうさん
N2,中频,当社,とうしゃ
N2,中频,当初,とうしょ
N1,高频,当店,とうてん
N1,中频,当分,とうぶん
N1,高频,踏み切る,ふみきる
N1,中频,逃避,とうひ
N2,中频,逃亡,とうぼう
N2,高频,動機,どうき
N2,低频,動揺,どうよう
N2,低频,同居,どうきょ
N2,高频,導く,みちびく
N2,中频,導入,どうにゅう
N2,中频,道端,みちばた
N1,中频,匿名,とくめい
N1,高频,特産,とくさん
N1,高频,特有,とくゆう
N1,高频,独自,どくじ
N2,高频,読み取る,よみとる
N2,中频,内部,ないぶ
N1,中频,肉眼,にくがん
N2,高频,日頃,ひごろ
N2,中频,入会,にゅうかい
N2,中频,入金,にゅうきん
N1,低频,入浴,にゅうよく
N2,高频,認識,にんしき
N1,中频,年配,ねんぱい
N1,高频,念のため,ねんのため
N2,低频,燃料,ねんりょう
N1,中频,粘り強い,ねばりづよい
N2,低频,悩ます,なやます
N1,中频,派遣,はけん
N2,低频,破壊,はかい
N2,高频,廃止,はいし
N1,中频,拝借,はいしゃく
N1,高频,排除,はいじょ
N1,低频,排水,はいすい
N2,中频,配慮,はいりょ
N2,中频,買い求める,かいもとめる
N2,低频,買い上げ,かいあげ
N2,中频,売り出す,うりだす
N1,中频,剝がれる,はがれる
N1,低频,薄っぺら,うすっぺら
N2,中频,薄れる,うすれる
N2,低频,薄型,うすがた
N1,高频,迫力,はくりょく
N1,低频,縛り付ける,しばりつける
N3,低频,発券,はっけん
N1,高频,発信,はっしん
N2,高频,発送,はっそう
N1,低频,抜き出す,ぬきだす
N1,中频,判定,はんてい
N1,中频,繁栄,はんえい
N1,高频,繁殖,はんしょく
N4,未分频,番,ばん
N2,低频,悲しみ,かなしみ
N1,中频,披露,ひろう
N2,中频,比例,ひれい
N1,中频,非,ひ
N2,中频,非常識,ひじょうしき
N2,低频,飛び出る,とびでる
N2,中频,飛び立つ,とびたつ
N1,高频,漂う,ただよう
N1,高频,品種,ひんしゅ
N1,低频,浜辺,はまべ
N1,中频,貧困,ひんこん
N2,高频,不可欠,ふかけつ
N1,中频,不確か,ふたしか
N1,中频,不確定,ふかくてい
N2,中频,不完全,ふかんぜん
N1,高频,不況,ふきょう
N1,中频,不景気,ふけいき
N2,中频,不明,ふめい
N2,中频,不良,ふりょう
N2,高频,付け加える,つけくわえる
N1,中频,負,ふ
N2,低频,負かす,まかす
N1,中频,負傷,ふしょう
N1,中频,風習,ふうしゅう
N1,高频,風土,ふうど
N1,高频,復旧,ふっきゅう
N1,高频,幅広い,はばひろい
N2,高频,福祉,ふくし
N3,中频,沸騰,ふっとう
N2,低频,分,ぶ
N2,低频,分配,ぶんぱい
N1,高频,紛失,ふんしつ
N1,低频,紛争,ふんそう
N3,低频,聞き取り,ききとり
N3,低频,聞き上手,ききじょうず
N3,低频,閉館,へいかん
N1,低频,閉口,へいこう
N1,低频,閉鎖,へいさ
N1,中频,変革,へんかく
N1,中频,変動,へんどう
N1,低频,片側,かたがわ
N3,高频,返る,かえる
N2,中频,返品,へんぴん
N1,低频,弁論,べんろん
N2,高频,保つ,たもつ
N1,高频,保管,ほかん
N2,高频,保護,ほご
N1,中频,保守的,ほしゅてき
N2,低频,保障,ほしょう
N2,低频,補足,ほそく
N1,低频,母国,ぼこく
N2,低频,くるむ,くるむ
N2,中频,抱っこ,だっこ
N2,低频,放っておく,ほうっておく
N2,低频,放り出す,ほうりだす
N3,低频,〜放題,〜ほうだい
N2,中频,方式,ほうしき
N2,高频,蜂,はち
N2,高频,訪れる,おとずれる
N1,中频,豊作,ほうさく
N2,低频,暴力,ぼうりょく
N2,低频,望ましい,のぞましい
N1,低频,膨れる,ふくれる
N1,低频,膨れ上がる,ふくれあがる
N2,高频,本,ほん
N2,中频,本質,ほんしつ
N2,高频,埋まる,うまる
N2,高频,満たす,みたす
N3,低频,未〜,み〜
N2,低频,密接,みっせつ
N2,中频,務め,つとめ
N4,未分频,無,む
N1,低频,無意味,むいみ
N1,高频,無邪気,むじゃき
N2,低频,無断,むだん
N2,中频,無用,むよう
N4,未分频,名,めい
N2,中频,名産,めいさん
N2,中频,名付ける,なづける
N1,中频,綿密,めんみつ
N2,高频,面,めん
N2,中频,模範,もはん
N3,低频,目覚める,めざめる
N1,中频,目撃,もくげき
N1,中频,役職,やくしょく
N1,低频,癒やす,いやす
N2,低频,憂鬱,ゆううつ
N2,中频,有意義,ゆういぎ
N1,高频,雄,おす
N3,低频,夕焼け,ゆうやけ
N2,低频,予選,よせん
N2,中频,容量,ようりょう
N1,高频,様式,ようしき
N1,中频,洋風,ようふう
N3,中频,用品,ようひん
N3,高频,要は,ようは
N1,高频,要望,ようぼう
N2,中频,要約,ようやく
N3,低频,翌〜,よく〜
N3,低频,来〜,らい〜
N2,高频,落ち込む,おちこむ
N2,高频,乱れ,みだれ
N3,低频,裏側,うらがわ
N1,低频,立ち去る,たちさる
N1,中频,立ち直る,たちなおる
N1,中频,立ち入り,たちいり
N1,中频,流出,りゅうしゅつ
N2,高频,旅先,たびさき
N2,低频,旅立つ,たびだつ
N4,未分频,両,りょう
N1,低频,良質,りょうしつ
N2,低频,力づける,ちからづける
N1,中频,類似,るいじ
N1,高频,励ます,はげます
N1,低频,励み,はげみ
N1,低频,恋する,こいする
N1,低频,朗読,ろうどく
N1,中频,浪費,ろうひ
N2,中频,漏れる,もれる
N1,高频,老舗,しにせ
N2,中频,和紙,わし
N1,低频,とどまる,とどまる
N3,低频,アイドル,idol
N2,中频,あえて,あえて
N2,中频,アクセル,accelerator
N1,高频,あたかも,あたかも
N1,低频,あっけない,あっけない
N1,中频,あっさり,あっさり
N1,低频,斡旋,あっせん
N3,低频,アップ,up
N2,中频,アプローチ,approach
N2,高频,あらかじめ,あらかじめ
N2,中频,ありのまま,ありのまま
N1,中频,ありふれる,ありふれる
N2,中频,アレンジ,arrange
N2,高频,いかに,いかに
N3,中频,いざ,いざ
N1,中频,いたわる,いたわる
N2,中频,いやいや,いやいや
N2,高频,インパクト,impact
N3,低频,ウイルス,(ラ) virus
N1,低频,うっとうしい,うっとうしい
N1,中频,うんざり,うんざり
N1,低频,エレガント,elegant
N4,未分频,オープン,open
N2,低频,おおむね,おおむね
N2,低频,おだてる,おだてる
N2,低频,自ずから,おのずから
N1,中频,おびえる,おびえる
N1,低频,おびただしい,おびただしい
N3,低频,オリエンテーション,orientation
N1,中频,おろそか,おろそか
N2,低频,オンライン,online
N1,中频,お手上げ,おてあげ
N3,中频,かい,かい
N1,低频,かき回す,かきまわす
N1,低频,嵩張る,かさばる
N1,高频,かさむ,かさむ
N1,低频,がっちり,がっちり
N2,低频,かねて,かねて
N1,中频,キーワード,key word
N1,低频,きっかり,きっかり
N1,中频,きっちり,きっちり
N2,中频,キャッチ,catch
N1,高频,キャラクター,character
N1,中频,くくる,くくる
N1,中频,ぐずぐず,ぐずぐず
N1,低频,クレーン,crane
N2,高频,ゲスト,guest
N1,中频,けなす,けなす
N1,低频,こじれる,こじれる
N1,低频,ことごとく,ことごとく
N1,中频,ごまかす,ごまかす
N2,高频,コメント,comment
N2,高频,コラム,column
N1,低频,コンタクトレンズ,contact lens
N1,中频,コントラスト,contrast
N2,高频,コントロール,control
N1,中频,サイクル,cycle
N1,高频,冴える,さえる
N1,中频,さほど,さほど
N2,低频,シート,seat
N2,中频,シーン,scene
N1,中频,シェア,share
N2,中频,しきたり,しきたり
N1,低频,しくじる,しくじる
N1,中频,しなやか,しなやか
N1,低频,シナリオ,scenario
N1,低频,しのぐ,しのぐ
N1,中频,シビア,severe
N1,低频,しぶとい,しぶとい
N3,低频,ジャズ,jazz
N2,高频,ショック,shock
N1,高频,しょっちゅう,しょっちゅう
N2,中频,じろじろ,じろじろ
N2,高频,シンポジウム,symposium
N1,中频,すがすがしい,すがすがしい
N1,低频,スキャンダル,scandal
N1,低频,スタジオ,studio
N1,低频,スタミナ,stamina
N2,中频,ストライキ,strike
N1,低频,ずばり,ずばり
N2,高频,スペース,space
N1,低频,スポットライト,spotlight
N1,高频,すんなり,すんなり
N2,低频,セールス,sales
N1,低频,ゼリー,jelly
N2,低频,センス,sense
N1,低频,そびえる,そびえる
N1,中频,それゆえ,それゆえ
N1,中频,そわそわ,そわそわ
N1,中频,ぞんざい,ぞんざい
N2,中频,タイマー,timer
N2,高频,タイミング,timing
N2,中频,ダウン,down
N2,中频,たくましい,たくましい
N2,高频,たどり着く,たどりつく
N2,低频,たどる,たどる
N3,低频,だぶだぶ,だぶだぶ
N1,中频,たやすい,たやすい
N2,中频,タレント,talent
N2,低频,たんぱく質,たんぱくしつ
N1,高频,チームワーク,teamwork
N3,低频,チェンジ,change
N1,中频,ちらっと,ちらっと
N2,中频,つくづく,つくづく
N1,中频,綴る,つづる
N2,中频,つぶやく,つぶやく
N1,中频,てきぱき,てきぱき
N3,中频,デザート,dessert
N1,中频,てっきり,てっきり
N2,低频,どうやら,どうやら
N1,中频,トーン,tone
N1,中频,とっさ,とっさ
N2,低频,とどめる,とどめる
N1,中频,ドライバー,driver
N2,中频,とりわけ,とりわけ
N2,中频,ナイター,(和) night＋er
N1,高频,なおさら,なおさら
N2,中频,なじむ,なじむ
N1,中频,なだめる,なだめる
N1,低频,ナプキン,napkin
N1,低频,なれなれしい,なれなれしい
N2,低频,ナンセンス,nonsense
N1,高频,にぎわう,にぎわう
N1,中频,にじむ,にじむ
N1,高频,ニュアンス,(フ) nuance
N1,低频,ねた,ねた
N1,低频,ねだる,ねだる
N1,高频,ノウハウ,knowhow
N1,中频,のどか,のどか
N1,中频,はかない,はかない
N1,低频,はしゃぐ,はしゃぐ
N1,低频,馳せる,はせる
N1,低频,バッジ,badge
N1,中频,ばてる,ばてる
N4,未分频,パトカー,patrol car
N1,低频,バブル,bubble
N2,中频,はまる,はまる
N3,低频,はらはら,はらはら
N1,低频,はらむ,はらむ
N3,低频,はるか,はるか
N1,低频,ハンガー,hanger
N2,中频,パンク,puncture
N2,中频,ひいては,ひいては
N1,高频,ひそか,ひそか
N2,中频,ひたすら,ひたすら
N1,高频,ヒット,hit
N1,低频,日なた,ひなた
N1,中频,ひんやり,ひんやり
N1,中频,フィルター,filter
N2,低频,フォーム,form
N2,中频,ぶかぶか,ぶかぶか
N2,中频,プライバシー,privacy
N3,低频,ぶらぶら,ぶらぶら
N3,中频,フロント,front
N1,低频,ペア,pair
N2,高频,ペース,pace
N3,中频,ぺこぺこ,ぺこぺこ
N3,低频,ベスト,best
N2,中频,ベストセラー,best seller
N2,高频,ポイント,point
N1,低频,茫然,ぼうぜん
N1,中频,呆然,ぼうぜん
N1,低频,ぼける,ぼける
N1,中频,ポジション,position
N1,中频,ぼやく,ぼやく
N1,中频,ぼやける,ぼやける
N1,中频,まちまち,まちまち
N1,中频,まばら,まばら
N2,低频,むかつく,むかつく
N1,中频,むなしい,むなしい
N2,高频,メーカー,maker
N1,高频,めきめき,めきめき
N2,中频,メダル,medal
N3,高频,メッセージ,message
N1,高频,めど,めど
N1,中频,メロディー,melody
N1,低频,もがく,もがく
N1,低频,もくろむ,もくろむ
N2,中频,もしくは,もしくは
N1,低频,もどかしい,もどかしい
N1,高频,モニター,monitor
N2,中频,もはや,もはや
N1,高频,もめる,もめる
N1,高频,もろい,もろい
N1,中频,やたら,やたら
N2,高频,やつ,やつ
N1,中频,ややこしい,ややこしい
N1,低频,やりくり,やりくり
N1,低频,やんわり,やんわり
N1,中频,ユーザー,user
N1,高频,ゆがめる,ゆがめる
N1,高频,ゆとり,ゆとり
N1,中频,横ばい,よこばい
N1,低频,善し 悪し,よしあし
N1,中频,よそ見,よそみ
N1,低频,よみがえる,よみがえる
N1,中频,ランク,rank
N1,低频,ランプ,lamp
N1,高频,リード,lead
N1,中频,ルーズ,loose
N1,高频,ルート,route
N1,高频,レイアウト,layout
N2,中频,レース,race
N3,高频,レッスン,lesson
N1,中频,レバー,lever
N3,中频,レンジ,range
N3,低频,ロープ,rope
N1,低频,ろくに,ろくに
N2,低频,詫び,わび
N1,中频,愛顧,あいこ
N1,低频,愛想,あいそ
N1,低频,悪人,あくにん
N2,低频,圧勝,あっしょう
N2,中频,圧倒,あっとう
N1,中频,圧迫,あっぱく
N1,中频,圧力,あつりょく
N1,低频,安っぽい,やすっぽい
N1,低频,暗示,あんじ
N1,低频,案じる,あんじる
N2,低频,案の定,あんのじょう
N2,低频,闇,やみ
N2,中频,依然,いぜん
N1,高频,依存,いそん
N1,低频,偉業,いぎょう
N1,高频,委ねる,ゆだねる
N1,高频,委託,いたく
N1,高频,意気,いき
N1,低频,意気込む,いきごむ
N1,中频,意向,いこう
N3,低频,意地,いじ
N2,高频,意欲,いよく
N1,中频,異議,いぎ
N1,高频,異動,いどう
N2,中频,移行,いこう
N2,中频,移住,いじゅう
N2,低频,胃腸,いちょう
N1,高频,遺跡,いせき
N2,中频,育成,いくせい
N1,中频,一概に,いちがいに
N2,中频,一括,いっかつ
N1,高频,一貫,いっかん
N1,中频,一筋,ひとすじ
N2,中频,一見,いっけん
N1,中频,一昔,ひとむかし
N2,高频,一切,いっさい
N1,中频,一息,ひといき
N1,中频,一途,いちず
N2,中频,一変,いっぺん
N2,高频,一面,いちめん
N1,高频,一目,いちもく
N3,低频,一様,いちよう
N1,高频,一覧,いちらん
N1,高频,一律,いちりつ
N1,中频,一連,いちれん
N2,低频,そらす,そらす
N1,中频,逸材,いつざい
N1,中频,引きずる,ひきずる
N2,中频,引き取る,ひきとる
N1,高频,引き付ける,ひきつける
N3,低频,引き落とす,ひきおとす
N1,低频,雨水,あまみず
N1,中频,渦,うず
N2,高频,運営,うんえい
N1,高频,運搬,うんぱん
N1,中频,運用,うんよう
N1,高频,営む,いとなむ
N1,低频,映える,はえる
N1,中频,栄える,さかえる
N2,中频,閲覧,えつらん
N3,低频,円高,えんだか
N2,中频,円満,えんまん
N2,中频,演じる,えんじる
N1,高频,演出,えんしゅつ
N2,低频,遠ざかる,とおざかる
N2,中频,遠回り,とおまわり
N2,低频,遠方,えんぽう
N1,中频,汚職,おしょく
N1,中频,押し寄せる,おしよせる
N1,低频,押し切る,おしきる
N1,低频,横顔,よこがお
N1,中频,屋敷,やしき
N2,低频,臆病,おくびょう
N1,低频,温和,おんわ
N1,低频,下地,したじ
N1,中频,化ける,ばける
N1,高频,化石,かせき
N2,中频,仮に,かりに
N1,高频,仮説,かせつ
N3,低频,何かと,なにかと
N2,高频,何より,なにより
N1,低频,何げない,なにげない
N1,低频,何とぞ,なにとぞ
N1,中频,加入,かにゅう
N1,低频,加味,かみ
N1,高频,果て,はて
N1,低频,果てる,はてる
N1,低频,河川,かせん
N1,低频,箇条書き,かじょうがき
N1,中频,花びら,はなびら
N1,中频,荷造り,にづくり
N1,高频,華やか,はなやか
N1,中频,過ち,あやまち
N2,低频,過激,かげき
N1,低频,過密,かみつ
N1,中频,画期的,かっきてき
N3,低频,介護,かいご
N1,高频,介入,かいにゅう
N2,中频,会見,かいけん
N1,低频,解除,かいじょ
N2,中频,回覧,かいらん
N1,中频,懐く,なつく
N1,中频,改定,かいてい
N2,中频,改良,かいりょう
N1,低频,海辺,うみべ
N1,高频,開拓,かいたく
N3,高频,開店,かいてん
N1,低频,階層,かいそう
N2,低频,外観,がいかん
N1,高频,害虫,がいちゅう
N1,中频,街頭,がいとう
N1,中频,該当,がいとう
N1,中频,拡散,かくさん
N2,中频,格別,かくべつ
N2,低频,獲物,えもの
N2,高频,確信,かくしん
N2,中频,確定,かくてい
N2,高频,確保,かくほ
N1,中频,革新,かくしん
N2,中频,楽観的,らっかんてき
N1,低频,楽譜,がくふ
N2,中频,割り込む,わりこむ
N1,高频,割り当てる,わりあてる
N1,高频,活性化,かっせいか
N2,高频,活発,かっぱつ
N2,高频,滑らか,なめらか
N1,低频,滑稽,こっけい
N1,低频,勘弁,かんべん
N2,高频,完璧,かんぺき
N1,中频,寛容,かんよう
N2,低频,干渉,かんしょう
N2,低频,幹,みき
N1,低频,感慨,かんがい
N1,低频,感触,かんしょく
N1,高频,慣らす,ならす
N1,中频,慣習,かんしゅう
N2,低频,換算,かんさん
N1,中频,甘える,あまえる
N4,未分频,看護,かんご
N2,中频,簡易,かんい
N2,高频,簡潔,かんけつ
N1,中频,簡素,かんそ
N1,低频,緩む,ゆるむ
N1,中频,緩める,ゆるめる
N2,中频,緩やか,ゆるやか
N1,高频,緩和,かんわ
N1,高频,肝,きも
N2,低频,肝心,かんじん
N2,中频,観点,かんてん
N1,高频,貫く,つらぬく
N1,高频,還元,かんげん
N1,低频,間際,まぎわ
N1,低频,間柄,あいだがら
N1,高频,陥る,おちいる
N2,低频,丸める,まるめる
N1,高频,眼差し,まなざし
N2,中频,頑丈,がんじょう
N1,高频,危ぶむ,あやぶむ
N1,低频,器,うつわ
N2,低频,寄り掛かる,よりかかる
N1,低频,寄贈,きぞう
N1,高频,寄与,きよ
N1,低频,幾多,いくた
N2,高频,期日,きじつ
N1,中频,機構,きこう
N1,中频,気まぐれ,きまぐれ
N2,中频,気兼ね,きがね
N1,低频,気質,きしつ
N1,高频,規格,きかく
N1,高频,規制,きせい
N2,中频,規定,きてい
N1,中频,規範,きはん
N1,低频,規約,きやく
N2,中频,記す,しるす
N1,高频,記載,きさい
N1,高频,記述,きじゅつ
N1,低频,記名,きめい
N1,中频,起源,きげん
N1,低频,起伏,きふく
N1,高频,軌道,きどう
N1,低频,偽造,ぎぞう
N1,高频,技能,ぎのう
N1,中频,欺く,あざむく
N1,中频,犠牲,ぎせい
N1,低频,脚色,きゃくしょく
N1,中频,脚本,きゃくほん
N1,低频,丘陵,きゅうりょう
N3,高频,久しい,ひさしい
N3,低频,休める,やすめる
N1,中频,吸い上げる,すいあげる
N1,高频,せかす,せかす
N1,低频,究極,きゅうきょく
N1,中频,窮屈,きゅうくつ
N2,中频,居心地,いごこち
N1,低频,拒絶,きょぜつ
N2,低频,拒否,きょひ
N1,高频,拠点,きょてん
N1,高频,許容,きょよう
N1,低频,享受,きょうじゅ
N2,中频,共感,きょうかん
N1,高频,共存,きょうそん
N1,低频,凶作,きょうさく
N1,高频,協調,きょうちょう
N2,低频,境遇,きょうぐう
N1,中频,強いて,しいて
N1,中频,強いる,しいる
N1,中频,強硬,きょうこう
N1,高频,強制,きょうせい
N2,中频,強烈,きょうれつ
N2,低频,教訓,きょうくん
N1,低频,橋渡し,はしわたし
N1,中频,脅す,おどす
N1,高频,郷土,きょうど
N1,低频,郷里,きょうり
N1,低频,仰ぐ,あおぐ
N2,低频,仰向け,あおむけ
N1,低频,凝らす,こらす
N2,中频,凝る,こる
N1,高频,業界,ぎょうかい
N1,高频,業者,ぎょうしゃ
N1,低频,極まる,きわまる
N2,低频,極めて,きわめて
N2,中频,極める,きわめる
N2,中频,極端,きょくたん
N1,中频,勤まる,つとまる
N1,中频,均等,きんとう
N1,中频,禁物,きんもつ
N1,低频,近郊,きんこう
N1,高频,近隣,きんりん
N1,中频,金 槌,かなづち
N1,高频,吟味,ぎんみ
N2,中频,苦,く
N2,低频,苦難,くなん
N3,低频,駆ける,かける
N1,高频,愚か,おろか
N3,低频,空き地,あきち
N3,低频,うつろ,うつろ
N1,低频,群衆,ぐんしゅう
N1,中频,傾斜,けいしゃ
N2,中频,形成,けいせい
N1,中频,形態,けいたい
N1,高频,掲げる,かかげる
N2,中频,敬具,けいぐ
N2,低频,景品,けいひん
N3,高频,経る,へる
N2,低频,経過,けいか
N2,中频,経理,けいり
N1,中频,経歴,けいれき
N1,高频,経路,けいろ
N2,中频,継ぐ,つぐ
N1,高频,警戒,けいかい
N1,低频,軽快,けいかい
N1,高频,軽減,けいげん
N1,高频,軽率,けいそつ
N1,中频,劇団,げきだん
N1,中频,激減,げきげん
N1,低频,欠如,けつじょ
N1,低频,決算,けっさん
N1,高频,潔い,いさぎよい
N1,低频,結合,けつごう
N1,中频,結成,けっせい
N1,中频,結束,けっそく
N1,低频,月謝,げっしゃ
N2,中频,健全,けんぜん
N1,高频,堅実,けんじつ
N3,低频,建て直す,たてなおす
N2,高频,検索,けんさく
N1,中频,権威,けんい
N1,低频,権限,けんげん
N2,低频,権力,けんりょく
N1,低频,研ぐ,とぐ
N2,中频,見なす,みなす
N2,低频,見過ごす,みすごす
N1,高频,見合わせる,みあわせる
N1,高频,見習う,みならう
N1,中频,見どころ,みどころ
N2,中频,見積もる,みつもる
N1,中频,見地,けんち
N2,高频,見通し,みとおし
N1,高频,見当たる,みあたる
N2,中频,見逃す,みのがす
N1,高频,見落とす,みおとす
N1,低频,賢明,けんめい
N1,高频,顕著,けんちょ
N1,中频,元来,がんらい
N1,中频,原型,げんけい
N1,低频,厳か,おごそか
N1,低频,厳密,げんみつ
N1,低频,言い張る,いいはる
N3,低频,古本,ふるほん
N1,中频,呼び起こす,よびおこす
N2,高频,固定,こてい
N1,高频,固有,こゆう
N2,中频,孤独,こどく
N1,中频,孤立,こりつ
N1,中频,戸惑い,とまどい
N1,高频,誇張,こちょう
N2,中频,後回し,あとまわし
N1,中频,悟る,さとる
N1,低频,誤差,ごさ
N1,低频,交える,まじえる
N2,中频,交わす,かわす
N1,低频,交易,こうえき
N1,中频,交互,こうご
N2,中频,交渉,こうしょう
N1,高频,交付,こうふ
N2,中频,公演,こうえん
N1,中频,口コミ,くちコミ
N1,中频,口頭,こうとう
N2,高频,向上,こうじょう
N2,中频,好感,こうかん
N2,高频,工作,こうさく
N1,高频,巧み,たくみ
N1,中频,巧妙,こうみょう
N1,高频,広報,こうほう
N1,低频,拘束,こうそく
N1,高频,控える,ひかえる
N1,中频,構える,かまえる
N1,低频,荒っぽい,あらっぽい
N2,低频,荒らす,あらす
N3,低频,行い,おこない
N2,低频,行き来,いきき
N1,高频,購買,こうばい
N1,中频,高原,こうげん
N1,低频,高低,こうてい
N1,中频,合意,ごうい
N2,低频,合間,あいま
N1,中频,合成,ごうせい
N1,高频,合致,がっち
N1,高频,合併,がっぺい
N1,中频,告げる,つげる
N1,低频,告白,こくはく
N2,中频,いまいち,いまいち
N1,中频,今更,いまさら
N2,中频,根拠,こんきょ
N1,低频,根底,こんてい
N2,高频,根本,こんぽん
N1,低频,魂,たましい
N3,低频,左利き,ひだりきき
N1,低频,差額,さがく
N1,低频,砂利,じゃり
N1,中频,座談会,ざだんかい
N1,高频,再現,さいげん
N3,低频,再生,さいせい
N2,中频,再発,さいはつ
N2,低频,最悪,さいあく
N2,高频,最寄り,もより
N3,高频,最新,さいしん
N2,低频,最善,さいぜん
N1,中频,採算,さいさん
N1,高频,細やか,こまやか
N2,中频,細菌,さいきん
N2,低频,細部,さいぶ
N1,中频,細胞,さいぼう
N1,低频,裁く,さばく
N1,高频,財政,ざいせい
N1,高频,作戦,さくせん
N2,中频,錯誤,さくご
N3,中频,察する,さっする
N1,高频,殺到,さっとう
N1,中频,雑,ざつ
N1,中频,山岳,さんがく
N2,高频,山頂,さんちょう
N2,中频,産物,さんぶつ
N1,低频,賛美,さんび
N1,高频,斬新,ざんしん
N2,低频,残高,ざんだか
N1,低频,仕える,つかえる
N1,中频,仕上がり,しあがり
N2,高频,仕上げる,しあげる
N1,中频,仕切る,しきる
N1,低频,司る,つかさどる
N1,高频,始末,しまつ
N1,低频,志,こころざし
N1,低频,志す,こころざす
N1,高频,志向,しこう
N1,中频,思いやる,おもいやる
N2,低频,思いつき,おもいつき
N2,高频,思考,しこう
N1,中频,指揮,しき
N2,低频,指図,さしず
N2,高频,指摘,してき
N2,高频,支援,しえん
N3,中频,支給,しきゅう
N2,中频,支持,しじ
N2,高频,施す,ほどこす
N1,低频,私物,しぶつ
N2,中频,至って,いたって
N2,中频,視覚,しかく
N2,高频,視察,しさつ
N2,高频,視点,してん
N1,高频,試みる,こころみる
N2,低频,賜る,たまわる
N1,高频,雌,めす
N2,中频,飼育,しいく
N2,高频,事業,じぎょう
N1,低频,似通う,にかよう
N1,低频,侍,さむらい
N2,低频,持て成す,もてなす
N2,高频,持続,じぞく
N3,低频,時差,じさ
N1,低频,時折,ときおり
N1,中频,次元,じげん
N1,低频,示唆,しさ
N1,中频,自在,じざい
N1,中频,自尊心,じそんしん
N1,高频,自発,じはつ
N1,低频,式場,しきじょう
N1,中频,執着,しゅうちゃく
N1,中频,失格,しっかく
N1,低频,失脚,しっきゃく
N1,低频,嫉妬,しっと
N1,中频,質疑,しつぎ
N2,低频,実質,じっしつ
N1,中频,実情,じつじょう
N3,低频,芝,しば
N1,高频,斜面,しゃめん
N1,低频,社交,しゃこう
N1,高频,謝罪,しゃざい
N1,高频,遮る,さえぎる
N1,高频,若手,わかて
N2,中频,弱まる,よわまる
N2,低频,弱る,よわる
N1,中频,弱気,よわき
N2,低频,主食,しゅしょく
N1,高频,主導,しゅどう
N2,低频,主流,しゅりゅう
N2,中频,取り扱い,とりあつかい
N2,中频,取り扱う,とりあつかう
N3,低频,取り囲む,とりかこむ
N2,中频,取り巻く,とりまく
N2,高频,取り寄せる,とりよせる
N1,高频,取り残す,とりのこす
N1,低频,取り次ぐ,とりつぐ
N2,高频,取り除く,とりのぞく
N1,低频,取り締まる,とりしまる
N2,高频,取得,しゅとく
N1,中频,手のひら,てのひら
N1,高频,手がかり,てがかり
N2,中频,手近,てぢか
N1,高频,手際,てぎわ
N2,中频,手順,てじゅん
N2,高频,手数,てすう
N1,低频,手薄,てうす
N1,中频,手分け,てわけ
N1,高频,手法,しゅほう
N2,中频,腫れる,はれる
N1,低频,趣,おもむき
N1,高频,趣旨,しゅし
N1,低频,首脳,しゅのう
N1,中频,受け継ぐ,うけつぐ
N2,中频,受け止める,うけとめる
N2,低频,受け身,うけみ
N2,中频,受診,じゅしん
N1,低频,授ける,さずける
N1,中频,樹木,じゅもく
N1,低频,樹立,じゅりつ
N1,高频,収益,しゅうえき
N2,高频,収集,しゅうしゅう
N1,中频,収容,しゅうよう
N1,中频,修行,しゅぎょう
N2,高频,習得,しゅうとく
N2,中频,従事,じゅうじ
N2,高频,柔軟,じゅうなん
N2,中频,渋い,しぶい
N1,低频,重宝,ちょうほう
N1,中频,熟練,じゅくれん
N1,中频,出くわす,でくわす
N2,高频,出演,しゅつえん
N2,中频,出回る,でまわる
N1,中频,出産,しゅっさん
N1,中频,出費,しゅっぴ
N1,高频,潤う,うるおう
N1,低频,処置,しょち
N1,低频,所在,しょざい
N1,低频,所持,しょじ
N1,高频,所定,しょてい
N1,中频,庶民,しょみん
N1,高频,書評,しょひょう
N1,高频,唱える,となえる
N2,低频,小売り,こうり
N2,低频,小柄,こがら
N1,高频,承諾,しょうだく
N2,高频,焦る,あせる
N1,中频,照合,しょうごう
N1,中频,省みる,かえりみる
N1,高频,衝撃,しょうげき
N1,中频,証言,しょうげん
N2,高频,詳細,しょうさい
N1,高频,障る,さわる
N2,中频,上位,じょうい
N1,低频,丈,たけ
N2,中频,情景,じょうけい
N1,低频,情緒,じょうちょ
N1,中频,情勢,じょうせい
N1,中频,条約,じょうやく
N1,低频,譲歩,じょうほ
N1,中频,織る,おる
N1,低频,色眼鏡,いろめがね
N1,中频,色彩,しきさい
N2,高频,触れ合い,ふれあい
N1,中频,食い違う,くいちがう
N1,低频,信念,しんねん
N1,低频,侵す,おかす
N1,低频,寝かせる,ねかせる
N1,高频,心がける,こころがける
N1,高频,心情,しんじょう
N2,高频,心地,ここち
N3,中频,振り込み,ふりこみ
N1,低频,振り出し,ふりだし
N2,高频,新人,しんじん
N2,低频,新築,しんちく
N2,低频,浸す,ひたす
N2,低频,申し出る,もうしでる
N1,高频,真実,しんじつ
N1,低频,真心,まごころ
N2,低频,真相,しんそう
N1,中频,紳士,しんし
N1,中频,親近,しんきん
N2,中频,身の回り,みのまわり
N3,中频,身近,みぢか
N2,中频,身振り,みぶり
N1,中频,進呈,しんてい
N1,高频,進展,しんてん
N1,高频,人格,じんかく
N1,中频,人権,じんけん
N2,中频,人材,じんざい
N3,低频,人体,じんたい
N1,低频,人波,ひとなみ
N2,中频,人柄,ひとがら
N1,高频,迅速,じんそく
N2,低频,推し進める,おしすすめる
N1,高频,推進,すいしん
N2,高频,衰える,おとろえる
N1,中频,遂行,すいこう
N1,低频,据える,すえる
N1,中频,澄ます,すます
N1,低频,是正,ぜせい
N1,中频,制御,せいぎょ
N2,中频,制約,せいやく
N2,高频,成果,せいか
N1,低频,政権,せいけん
N1,中频,正規,せいき
N1,中频,正義,せいぎ
N2,低频,正体,しょうたい
N2,低频,正当,せいとう
N1,中频,清らか,きよらか
N2,中频,生まれつき,うまれつき
N1,中频,生やす,はやす
N1,高频,生涯,しょうがい
N1,低频,生気,せいき
N2,低频,生後,せいご
N1,低频,生死,せいし
N1,低频,生身,なまみ
N2,中频,生態,せいたい
N1,高频,盛大,せいだい
N1,中频,精巧,せいこう
N1,低频,精密,せいみつ
N1,低频,製法,せいほう
N1,中频,青春,せいしゅん
N1,中频,静止,せいし
N2,低频,静的,せいてき
N2,低频,惜しむ,おしむ
N1,低频,切ない,せつない
N3,低频,切り替える,きりかえる
N1,低频,切れ目,きれめ
N1,中频,切実,せつじつ
N2,低频,設ける,もうける
N1,高频,設立,せつりつ
N1,低频,絶版,ぜっぱん
N1,低频,絶望,ぜつぼう
N2,低频,先行,せんこう
N1,低频,占領,せんりょう
N1,低频,宣言,せんげん
N1,中频,もっぱら,もっぱら
N2,中频,戦後,せんご
N2,低频,染み込む,しみこむ
N1,高频,潜む,ひそむ
N2,高频,鮮やか,あざやか
N2,中频,前もって,まえもって
N2,中频,前向き,まえむき
N1,低频,前置き,まえおき
N2,低频,前売り,まえうり
N2,中频,前半,ぜんはん
N1,中频,前例,ぜんれい
N2,低频,善良,ぜんりょう
N1,低频,全盛,ぜんせい
N1,低频,繕う,つくろう
N1,中频,措置,そち
N1,高频,素朴,そぼく
N1,低频,訴訟,そしょう
N1,中频,阻む,はばむ
N2,中频,創立,そうりつ
N1,中频,喪失,そうしつ
N1,中频,壮大,そうだい
N1,中频,捜査,そうさ
N1,中频,操る,あやつる
N2,低频,相次ぐ,あいつぐ
N1,中频,相場,そうば
N2,中频,相対,そうたい
N1,中频,装う,よそおう
N1,中频,装備,そうび
N2,低频,走行,そうこう
N2,中频,促す,うながす
N1,高频,促進,そくしん
N2,高频,側面,そくめん
N1,低频,即する,そくする
N2,中频,束ねる,たばねる
N1,低频,束縛,そくばく
N1,高频,存続,そんぞく
N2,中频,尊い,とうとい
N2,低频,損なう,そこなう
N1,中频,他方,たほう
N2,高频,多様,たよう
N1,低频,唾,つば
N1,高频,妥協,だきょう
N1,高频,打ち込む,うちこむ
N1,中频,打ち切る,うちきる
N1,中频,打開,だかい
N1,中频,打撃,だげき
N2,高频,対応,たいおう
N2,中频,対決,たいけつ
N2,中频,対抗,たいこう
N1,低频,対談,たいだん
N2,低频,対比,たいひ
N2,中频,対話,たいわ
N2,高频,耐える,たえる
N1,高频,帯びる,おびる
N1,高频,怠る,おこたる
N1,中频,滞る,とどこおる
N1,低频,滞納,たいのう
N2,低频,退治,たいじ
N2,中频,台無し,だいなし
N2,高频,大げさ,おおげさ
N1,低频,大概,たいがい
N1,中频,大筋,おおすじ
N1,低频,大金,たいきん
N3,低频,大空,おおぞら
N2,高频,大手,おおて
N2,中频,大胆,だいたん
N2,中频,大部,たいぶ
N1,中频,大方,おおかた
N1,低频,達者,たっしゃ
N1,低频,奪い取る,うばいとる
N2,低频,脱出,だっしゅつ
N1,低频,脱退,だったい
N1,中频,丹念,たんねん
N1,低频,単一,たんいつ
N2,低频,嘆く,なげく
N1,高频,担う,になう
N1,中频,探検,たんけん
N2,高频,鍛える,きたえる
N2,低频,団結,だんけつ
N1,中频,はじく,はじく
N1,中频,弾む,はずむ
N1,中频,弾力,だんりょく
N1,高频,断つ,たつ
N1,低频,断言,だんげん
N2,中频,断然,だんぜん
N2,低频,段取り,だんどり
N1,高频,値する,あたいする
N1,低频,値打ち,ねうち
N2,中频,知的,ちてき
N1,低频,恥じらう,はじらう
N1,低频,畜産,ちくさん
N2,中频,蓄積,ちくせき
N1,中频,着手,ちゃくしゅ
N1,中频,着目,ちゃくもく
N1,低频,中傷,ちゅうしょう
N2,中频,中断,ちゅうだん
N1,中频,中立,ちゅうりつ
N1,低频,忠実,ちゅうじつ
N2,高频,抽選,ちゅうせん
N2,中频,著しい,いちじるしい
N1,高频,著書,ちょしょ
N1,中频,著名,ちょめい
N1,低频,貯蓄,ちょちく
N1,中频,兆し,きざし
N1,中频,張り合う,はりあう
N2,中频,貼り紙,はりがみ
N2,中频,張り切る,はりきる
N1,中频,懲りる,こりる
N1,高频,挑む,いどむ
N1,高频,挑戦,ちょうせん
N3,低频,朝市,あさいち
N1,低频,聴覚,ちょうかく
N1,高频,調和,ちょうわ
N2,中频,長編,ちょうへん
N1,高频,はかどる,はかどる
N1,中频,直感,ちょっかん
N1,高频,直面,ちょくめん
N1,中频,沈黙,ちんもく
N1,低频,賃金,ちんぎん
N1,高频,陳列,ちんれつ
N1,低频,墜落,ついらく
N2,低频,追い込む,おいこむ
N2,中频,追い出す,おいだす
N1,低频,追放,ついほう
N2,低频,痛める,いためる
N1,中频,痛感,つうかん
N1,低频,痛切,つうせつ
N2,高频,通常,つうじょう
N1,中频,停滞,ていたい
N2,中频,定まる,さだまる
N2,高频,定める,さだめる
N2,中频,定義,ていぎ
N3,低频,定食,ていしょく
N1,高频,提携,ていけい
N2,高频,提示,ていじ
N1,低频,提唱,ていしょう
N2,中频,訂正,ていせい
N2,中频,適応,てきおう
N1,中频,天才,てんさい
N1,低频,天地,てんち
N1,低频,てっぺん,てっぺん
N2,中频,展示,てんじ
N1,高频,展望,てんぼう
N1,高频,店頭,てんとう
N2,中频,添える,そえる
N2,低频,転じる,てんじる
N2,高频,点検,てんけん
N1,低频,伝説,でんせつ
N1,低频,田園,でんえん
N1,低频,渡り鳥,わたりどり
N2,高频,登録,とうろく
N2,低频,途上,とじょう
N1,低频,途切れる,とぎれる
N2,低频,努めて,つとめて
N1,低频,土砂,どしゃ
N2,中频,土台,どだい
N1,低频,投じる,とうじる
N1,高频,投資,とうし
N1,中频,投入,とうにゅう
N1,中频,搭乗,とうじょう
N1,中频,盗み,ぬすみ
N3,中频,当たり,あたり
N1,低频,当人,とうにん
N1,中频,当選,とうせん
N1,高频,当面,とうめん
N1,中频,統合,とうごう
N1,低频,統制,とうせい
N2,高频,到達,とうたつ
N2,中频,到底,とうてい
N2,高频,討論,とうろん
N1,高频,踏まえる,ふまえる
N1,高频,踏み込む,ふみこむ
N1,中频,踏襲,とうしゅう
N2,中频,逃す,のがす
N2,中频,逃れる,のがれる
N1,中频,逃走,とうそう
N2,中频,陶器,とうき
N1,高频,動向,どうこう
N2,中频,同意,どうい
N1,低频,同志,どうし
N2,中频,同情,どうじょう
N1,中频,同調,どうちょう
N2,低频,同等,どうとう
N2,中频,同封,どうふう
N1,高频,堂々,どうどう
N1,高频,得策,とくさく
N2,中频,得手,えて
N1,低频,特許,とっきょ
N1,中频,特権,とっけん
N1,高频,特集,とくしゅう
N2,中频,独占,どくせん
N1,高频,独創,どくそう
N2,中频,読み上げる,よみあげる
N2,高频,読者,どくしゃ
N1,低频,突っ張る,つっぱる
N1,低频,突入,とつにゅう
N1,中频,突破,とっぱ
N1,中频,鈍る,にぶる
N2,低频,鈍感,どんかん
N3,低频,内緒,ないしょ
N1,中频,内心,ないしん
N1,中频,内訳,うちわけ
N1,低频,内陸,ないりく
N1,中频,肉体,にくたい
N2,中频,日陰,ひかげ
N1,中频,日焼け,ひやけ
N3,低频,日夜,にちや
N2,低频,乳児,にゅうじ
N2,低频,乳製品,にゅうせいひん
N1,中频,乳幼児,にゅうようじ
N2,中频,入手,にゅうしゅ
N2,低频,入賞,にゅうしょう
N1,低频,如実,にょじつ
N1,低频,任務,にんむ
N1,低频,妊娠,にんしん
N1,中频,熱意,ねつい
N1,中频,年長,ねんちょう
N1,高频,念願,ねんがん
N2,低频,念頭,ねんとう
N1,高频,粘り,ねばり
N1,低频,粘る,ねばる
N1,低频,悩ましい,なやましい
N1,中频,納入,のうにゅう
N1,中频,脳裏,のうり
N1,低频,農耕,のうこう
N2,高频,把握,はあく
N1,高频,破損,はそん
N1,低频,破裂,はれつ
N1,低频,廃れる,すたれる
N1,高频,廃棄,はいき
N1,中频,敗北,はいぼく
N1,中频,背後,はいご
N1,中频,配給,はいきゅう
N1,中频,配偶者,はいぐうしゃ
N1,高频,配置,はいち
N2,中频,配布,はいふ
N1,低频,配分,はいぶん
N1,低频,配列,はいれつ
N2,中频,倍増,ばいぞう
N1,中频,媒介,ばいかい
N1,高频,漠然,ばくぜん
N2,低频,鉢植え,はちうえ
N2,低频,発芽,はつが
N1,中频,発掘,はっくつ
N1,高频,発足,ほっそく
N1,低频,発端,ほったん
N1,低频,発話,はつわ
N1,低频,伴奏,ばんそう
N1,高频,判明,はんめい
N1,中频,半端,はんぱ
N2,高频,反応,はんのう
N1,高频,反響,はんきょう
N2,中频,反射,はんしゃ
N2,高频,反発,はんぱつ
N2,中频,反論,はんろん
N1,中频,氾濫,はんらん
N1,中频,繁盛,はんじょう
N1,高频,煩わしい,わずらわしい
N1,低频,晩年,ばんねん
N2,低频,悲観,ひかん
N1,低频,悲鳴,ひめい
N2,中频,疲労,ひろう
N1,高频,肥料,ひりょう
N2,中频,費やす,ついやす
N3,低频,避難,ひなん
N2,低频,非常時,ひじょうじ
N2,中频,非難,ひなん
N1,中频,飛び交う,とびかう
N2,中频,飛び散る,とびちる
N2,中频,備わる,そなわる
N2,中频,必然,ひつぜん
N1,低频,表彰,ひょうしょう
N1,高频,描写,びょうしゃ
N2,低频,苗,なえ
N2,低频,浜,はま
N3,低频,貧乏,びんぼう
N1,高频,頻繁,ひんぱん
N2,低频,不意,ふい
N1,中频,不在,ふざい
N2,低频,不順,ふじゅん
N1,低频,不審,ふしん
N3,中频,不調,ふちょう
N1,高频,不当,ふとう
N1,高频,不備,ふび
N1,低频,不服,ふふく
N1,中频,不平等,ふびょうどう
N1,高频,富む,とむ
N1,高频,普遍,ふへん
N1,低频,腐敗,ふはい
N2,中频,負う,おう
N1,低频,負債,ふさい
N1,低频,赴く,おもむく
N1,高频,赴任,ふにん
N1,低频,武家,ぶけ
N2,中频,部門,ぶもん
N1,低频,風物,ふうぶつ
N1,高频,復活,ふっかつ
N1,中频,復興,ふっこう
N1,高频,覆す,くつがえす
N1,低频,仏像,ぶつぞう
N2,低频,物資,ぶっし
N2,中频,物足りない,ものたりない
N2,中频,物体,ぶったい
N1,高频,分業,ぶんぎょう
N1,中频,分散,ぶんさん
N1,低频,憤る,いきどおる
N2,低频,憤慨,ふんがい
N1,中频,奮闘,ふんとう
N1,中频,粉末,ふんまつ
N1,低频,紛れる,まぎれる
N3,低频,文書,ぶんしょ
N1,低频,兵士,へいし
N2,中频,平常,へいじょう
N1,中频,並列,へいれつ
N1,低频,偏見,へんけん
N1,中频,変遷,へんせん
N1,低频,返還,へんかん
N3,低频,返却,へんきゃく
N1,低频,返済,へんさい
N2,中频,返答,へんとう
N1,中频,弁解,べんかい
N1,中频,弁償,べんしょう
N1,高频,保持,ほじ
N1,中频,保守,ほしゅ
N1,低频,保全,ほぜん
N1,中频,捕獲,ほかく
N2,中频,歩み,あゆみ
N2,中频,歩む,あゆむ
N3,低频,歩行,ほこう
N1,中频,補給,ほきゅう
N1,低频,補強,ほきょう
N1,高频,補充,ほじゅう
N2,高频,補助,ほじょ
N1,高频,募る,つのる
N2,低频,募金,ぼきん
N1,中频,慕う,したう
N1,低频,包括,ほうかつ
N1,低频,報じる,ほうじる
N1,中频,報酬,ほうしゅう
N2,中频,報道,ほうどう
N1,中频,宝庫,ほうこ
N1,低频,崩壊,ほうかい
N1,低频,捧げる,ささげる
N2,中频,放棄,ほうき
N1,低频,放射,ほうしゃ
N1,低频,放出,ほうしゅつ
N1,高频,放置,ほうち
N1,高频,方策,ほうさく
N2,低频,法学,ほうがく
N2,中频,蜂蜜,はちみつ
N1,低频,飽和,ほうわ
N2,高频,乏しい,とぼしい
N1,高频,傍ら,かたわら
N1,中频,妨害,ぼうがい
N1,中频,暴露,ばくろ
N1,中频,冒頭,ぼうとう
N1,低频,防衛,ぼうえい
N1,中频,没頭,ぼっとう
N2,中频,本音,ほんね
N2,高频,本格的,ほんかくてき
N2,低频,本気,ほんき
N1,中频,本筋,ほんすじ
N1,低频,本場,ほんば
N2,中频,本能,ほんのう
N1,中频,埋蔵,まいぞう
N1,低频,末期,まっき
N1,低频,慢性,まんせい
N1,高频,満喫,まんきつ
N1,中频,味覚,みかく
N2,中频,いまだに,いまだに
N1,高频,未熟,みじゅく
N1,中频,未知,みち
N1,中频,密集,みっしゅう
N2,中频,密着,みっちゃく
N1,低频,密度,みつど
N2,低频,脈,みゃく
N1,低频,民衆,みんしゅう
N1,中频,無闇,むやみ
N3,低频,無効,むこう
N2,高频,無口,むくち
N1,高频,無知,むち
N1,低频,無念,むねん
N1,低频,無能,むのう
N1,中频,むろん,むろん
N3,低频,名札,なふだ
N1,中频,名称,めいしょう
N2,高频,名簿,めいぼ
N1,中频,名誉,めいよ
N1,中频,明暗,めいあん
N1,低频,明白,めいはく
N2,中频,明瞭,めいりょう
N1,高频,滅びる,ほろびる
N1,中频,滅ぼす,ほろぼす
N1,低频,滅亡,めつぼう
N1,中频,免除,めんじょ
N1,低频,面会,めんかい
N1,低频,模擬,もぎ
N2,中频,模索,もさく
N1,高频,模倣,もほう
N1,中频,猛烈,もうれつ
N1,中频,目覚ましい,めざましい
N2,中频,目当て,めあて
N2,低频,野外,やがい
N1,低频,野心,やしん
N2,中频,野生,やせい
N2,中频,野党,やとう
N1,中频,優位,ゆうい
N1,低频,優勢,ゆうせい
N2,高频,優先,ゆうせん
N1,低频,優美,ゆうび
N1,低频,勇敢,ゆうかん
N1,高频,有益,ゆうえき
N1,中频,有数,ゆうすう
N2,中频,有力,ゆうりょく
N1,中频,誘導,ゆうどう
N1,低频,融合,ゆうごう
N1,中频,融資,ゆうし
N1,中频,融通,ゆうずう
N2,中频,予感,よかん
N1,中频,予言,よげん
N1,高频,余地,よち
N2,高频,よほど,よほど
N1,中频,揺さぶる,ゆさぶる
N1,中频,揺らぐ,ゆらぐ
N1,低频,様相,ようそう
N2,低频,要因,よういん
N1,高频,要請,ようせい
N2,高频,養う,やしなう
N2,中频,養成,ようせい
N1,低频,抑圧,よくあつ
N1,高频,抑制,よくせい
N2,高频,欲,よく
N2,高频,来場,らいじょう
N1,低频,来訪,らいほう
N2,中频,絡む,からむ
N1,低频,落下,らっか
N1,中频,酪農,らくのう
N2,高频,利点,りてん
N2,高频,履歴,りれき
N2,中频,理屈,りくつ
N1,低频,理屈っぽい,りくつっぽい
N2,中频,理性,りせい
N2,中频,理論,りろん
N2,低频,離れ離れ,はなればなれ
N2,高频,陸上,りくじょう
N1,中频,率いる,ひきいる
N1,低频,立ち会う,たちあう
N2,低频,立て替える,たてかえる
N1,低频,流 暢,りゅうちょう
N1,高频,流通,りゅうつう
N2,低频,了承,りょうしょう
N1,低频,両極,りょうきょく
N2,低频,両立,りょうりつ
N2,低频,良好,りょうこう
N1,中频,良心,りょうしん
N2,低频,良性,りょうせい
N2,中频,領域,りょういき
N2,低频,倫理,りんり
N2,中频,林業,りんぎょう
N2,低频,類推,るいすい
N1,高频,例年,れいねん
N1,低频,冷やかす,ひやかす
N1,低频,冷淡,れいたん
N1,高频,励む,はげむ
N2,低频,暦,こよみ
N2,低频,練る,ねる
N1,低频,連なる,つらなる
N1,高频,連鎖,れんさ
N1,中频,連帯,れんたい
N1,低频,連中,れんちゅう
N1,低频,露骨,ろこつ
N1,中频,労力,ろうりょく
N1,低频,朗報,ろうほう
N1,低频,老いる,おいる
N1,低频,論証,ろんしょう
N2,高频,論理,ろんり
N2,中频,和やか,なごやか
N1,中频,和らげる,やわらげる
N1,中频,賄う,まかなう
N1,低频,惑う,まどう
N2,中频,惑わす,まどわす
N1,低频,惑星,わくせい
N2,中频,枠,わく
N1,高频,腕前,うでまえ
N1,低频,〜がらみ,〜がらみ
N1,低频,〜ぐるみ,〜ぐるみ
N1,低频,〜ずくめ,〜ずくめ
N1,低频,〜まみれ,〜まみれ
N1,低频,〜越し,〜ごし
N2,高频,外れ,はずれ
N1,低频,圏,けん
N3,低频,高,たか
N3,高频,合わせ,あわせ
N3,低频,〜士,〜し
N3,高频,止め,とめ
N2,低频,視,し
N2,低频,誌,し
N2,低频,児,じ
N2,中频,主,ぬし
N2,低频,症,しょう
N1,低频,陣,じん
N2,低频,層,そう
N1,低频,〜ばる,〜ばる
N1,高频,派,は
N2,低频,敗,はい
N1,低频,味,み
N1,低频,身だしなみ,みだしなみ
N1,中频,愛 嬌,あいきょう
N2,中频,あいつ,あいつ
N1,中频,相まって,あいまって
N3,中频,アクセス,access
N1,低频,顕わ,あらわ
N1,高频,ありきたり,ありきたり
N1,低频,ありとあらゆる,ありとあらゆる
N1,高频,在り方,ありかた
N2,中频,アルファ,alpha
N2,中频,アルファベット,alphabet
N1,低频,いかなる,いかなる
N2,低频,いかにも,いかにも
N1,低频,いたたまれない,いたたまれない
N2,中频,イラスト,illustration
N1,低频,インスピレーション,inspiration
N3,低频,インフォメーション,information
N1,低频,うずうず,うずうず
N1,中频,うなだれる,うなだれる
N1,低频,鵜呑み,うのみ
N1,中频,うろたえる,うろたえる
N2,低频,エコ,eco
N1,高频,エッセー,essay
N1,中频,エピソード,episode
N1,低频,エリート,(フ) élite
N4,未分频,エンジニア,engineer
N1,低频,エントリー,entry
N2,低频,掟,おきて
N1,低频,幼なじみ,おさななじみ
N1,中频,億劫,おっくう
N1,低频,自ずと,おのずと
N1,中频,おぼろげ,おぼろげ
N1,中频,おろか,おろか
N2,高频,お越し,おこし
N3,中频,お返し,おかえし
N3,低频,カウンセラー,counselor
N2,低频,駆け引き,かけひき
N1,低频,がさがさ,がさがさ
N1,中频,かたくな,かたくな
N2,低频,かなわない,かなわない
N1,低频,がみがみ,がみがみ
N2,中频,嚙み合う,かみあう
N1,低频,がやがや,がやがや
N1,低频,からっと,からっと
N1,中频,キープ,keep
N2,中频,ギャップ,gap
N1,高频,キャリア,career
N2,低频,ぎゅっと,ぎゅっと
N1,中频,クーポン,coupon
N1,高频,クール,cool
N1,低频,くじく,くじく
N1,低频,くしゃくしゃ,くしゃくしゃ
N2,低频,ぐったり,ぐったり
N1,低频,くまなく,くまなく
N2,低频,ぐらつく,ぐらつく
N1,高频,グローバル,global
N1,中频,コーディネート,coordinate
N2,中频,こなす,こなす
N2,低频,コネ,connection
N1,低频,こまめ,こまめ
N2,中频,コンクール,(フ) concours
N2,低频,コンプレックス,complex
N1,中频,コンマ,comma
N1,中频,サーフィン,surfing
N3,中频,サイト,site
N2,高频,サポート,support
N1,低频,さらけ出す,さらけだす
N1,低频,さわさわ,さわさわ
N2,低频,ざわざわ,ざわざわ
N2,中频,しかしながら,しかしながら
N1,中频,しがみつく,しがみつく
N3,中频,したたか,したたか
N2,低频,じたばた,じたばた
N1,中频,しとやか,しとやか
N2,中频,しばし,しばし
N1,低频,ジャーナリスト,journalist
N1,低频,ジャーナリズム,journalism
N2,低频,ショーウインドー,show window
N1,中频,ジレンマ,dilemma
N1,低频,しんなり,しんなり
N1,低频,スクーター,scooter
N1,中频,スケール,scale
N1,低频,ずけずけ,ずけずけ
N1,低频,すこぶる,すこぶる
N1,中频,すさまじい,すさまじい
N1,中频,ステータス,status
N1,中频,ストック,stock
N1,低频,すねる,すねる
N1,低频,ずぶぬれ,ずぶぬれ
N1,高频,スポット,spot
N1,低频,スポンサー,sponsor
N1,高频,ずれ,ずれ
N1,低频,スローガン,slogan
N1,低频,セールスマン,salesman
N1,低频,セルフ,self
N2,低频,セロテープ,cellotape
N1,中频,そぎ落とす,そぎおとす
N2,低频,そこら,そこら
N1,中频,そそる,そそる
N1,中频,そっちのけ,そっちのけ
N2,低频,ぞっと,ぞっと
N2,中频,そのもの,そのもの
N2,高频,それなり,それなり
N2,低频,ぞろぞろ,ぞろぞろ
N1,低频,ターミナル,terminal
N3,低频,ダビング,dubbing
N1,低频,タフ,tough
N1,中频,ためらう,ためらう
N1,低频,だらだら,だらだら
N1,低频,たわいない,たわいない
N1,低频,タンク,tank
N3,中频,ちなみに,ちなみに
N2,中频,チャージ,charge
N1,低频,チャーミング,charming
N2,低频,ちらちら,ちらちら
N2,中频,チンパンジー,chimpanzee
N1,低频,てこ入れ,てこいれ
N1,中频,デビュー,(フ) début
N1,低频,デマ,(ド) Demagogie
N2,中频,デメリット,demerit
N2,低频,トータル,total
N1,低频,どっさり,どっさり
N1,中频,トピック,topic
N2,低频,どろどろ,どろどろ
N1,低频,どん底,どんぞこ
N1,中频,ないがしろ,ないがしろ
N1,高频,馴染み,なじみ
N2,低频,なぞらえる,なぞらえる
N2,低频,なぞる,なぞる
N2,低频,にじみ出る,にじみでる
N2,中频,ノルマ,(ロ) norma
N2,中频,ハードル,hurdle
N1,低频,はいはい,はいはい
N1,低频,はじける,はじける
N1,高频,バックアップ,backup
N1,高频,パッケージ,package
N3,低频,パパ,papa
N1,低频,はばかる,はばかる
N1,低频,羽ばたく,はばたく
N1,低频,はびこる,はびこる
N1,中频,ばらつき,ばらつき
N1,中频,贔屓,ひいき
N2,中频,ピーク,peak
N3,低频,ビジネスマン,businessman
N2,中频,ビジョン,vision
N1,低频,ひずみ,ひずみ
N1,中频,ひたむき,ひたむき
N1,中频,ひっそり,ひっそり
N1,中频,ひらめき,ひらめき
N1,中频,ピンチ,pinch
N1,中频,ピント,(オ) brandpunt
N1,低频,ぴんと,ぴんと
N1,低频,フォロー,follow
N2,中频,ふさふさ,ふさふさ
N1,中频,ブランク,blank
N2,中频,ブランド,brand
N3,低频,プレー,play
N3,低频,プレーヤー,player
N2,高频,プレゼンテーション,presentation
N2,中频,プレッシャー,pressure
N2,中频,ぶれる,ぶれる
N1,中频,プログラミング,programming
N2,低频,ヘアスタイル,hairstyle
N1,中频,ベース,base
N1,低频,へま,へま
N1,低频,ホース,(オ) hoos
N1,低频,ボクシング,boxing
N3,高频,ホスト,host
N1,低频,まだしも,まだしも
N1,高频,まとまり,まとまり
N1,高频,まとめ,まとめ
N1,中频,まとも,まとも
N2,低频,まんざら,まんざら
N1,低频,まんじゅう,まんじゅう
N2,高频,ミス,Miss
N1,低频,水たまり,みずたまり
N1,中频,みずみずしい,みずみずしい
N1,低频,みっちり,みっちり
N1,中频,ミュージカル,musical
N1,低频,ミュージシャン,musician
N3,低频,ミリ,(フ) milli
N1,中频,むしゃくしゃ,むしゃくしゃ
N1,高频,メカニズム,mechanism
N1,低频,めそめそ,めそめそ
N1,中频,愛でる,めでる
N3,中频,もしかして,もしかして
N1,高频,もてなし,もてなし
N2,低频,もやもや,もやもや
N1,低频,やつれる,やつれる
N2,中频,やり抜く,やりぬく
N2,中频,ゆえに,ゆえに
N3,中频,所以,ゆえん
N2,中频,ライフスタイル,lifestyle
N1,低频,ラグビー,rugby
N2,中频,リクエスト,request
N1,中频,リサーチ,research
N1,中频,リストアップ,(和) list＋up
N1,中频,リハビリ,rehabilitation
N1,低频,リレー,relay
N3,低频,ルーム,room
N1,中频,レート,rate
N2,低频,レール,rail
N1,中频,レギュラー,regular
N2,低频,レトルト食品,れとるとしょくひん
N1,低频,ロス,loss
N2,低频,わきまえる,わきまえる
N2,中频,悪影響,あくえいきょう
N2,中频,圧倒的,あっとうてき
N1,高频,扱い,あつかい
N2,低频,〜宛て,〜あて
N1,低频,安 堵,あんど
N1,中频,安らぐ,やすらぐ
N2,低频,暗闇,くらやみ
N2,中频,闇雲,やみくも
N1,低频,囲う,かこう
N2,中频,威嚇,いかく
N1,中频,意気込み,いきごみ
N1,高频,意味合い,いみあい
N1,中频,異質,いしつ
N1,中频,移り変わり,うつりかわり
N1,中频,萎縮,いしゅく
N1,中频,衣,ころも
N2,中频,違和感,いわかん
N1,中频,遺憾,いかん
N1,中频,医院,いいん
N1,高频,育む,はぐくむ
N2,低频,一角,いっかく
N1,高频,一環,いっかん
N1,中频,一苦労,ひとくろう
N1,中频,一刻,いっこく
N1,中频,一人ぼっち,ひとりぼっち
N1,低频,一掃,いっそう
N1,低频,一直線,いっちょくせん
N1,中频,一任,いちにん
N2,低频,一抹,いちまつ
N1,低频,一目 惚れ,ひとめぼれ
N1,高频,逸脱,いつだつ
N1,低频,稲刈り,いねかり
N1,低频,引き寄せる,ひきよせる
N1,中频,引き継ぐ,ひきつぐ
N2,低频,引き込む,ひきこむ
N1,低频,引き抜く,ひきぬく
N1,中频,引き立てる,ひきたてる
N2,低频,飲み込み,のみこみ
N2,低频,隠れ家,かくれが
N1,低频,雨雲,あまぐも
N1,中频,映し出す,うつしだす
N1,中频,遠ざける,とおざける
N2,低频,奥深い,おくふかい
N2,高频,押し付ける,おしつける
N1,低频,横着,おうちゃく
N1,低频,屋台,やたい
N3,低频,牡蠣,かき
N2,低频,下位,かい
N3,低频,下記,かき
N1,低频,下請け,したうけ
N2,中频,何ら,なんら
N2,中频,何らか,なんらか
N1,低频,寡黙,かもく
N1,中频,果敢,かかん
N2,高频,歌詞,かし
N1,中频,稼働,かどう
N2,低频,箇条,かじょう
N2,低频,花粉,かふん
N1,高频,過言,かごん
N2,低频,過酷,かこく
N2,中频,芽生える,めばえる
N1,低频,会心,かいしん
N3,中频,会費,かいひ
N1,低频,解き放つ,ときはなつ
N1,低频,解析,かいせき
N2,低频,回りくどい,まわりくどい
N1,低频,回想,かいそう
N1,高频,回避,かいひ
N2,低频,回路,かいろ
N1,低频,快楽,かいらく
N1,低频,快諾,かいだく
N1,低频,悔いる,くいる
N1,中频,戒める,いましめる
N1,中频,改修,かいしゅう
N2,低频,改訂,かいてい
N2,低频,海上,かいじょう
N1,中频,海底,かいてい
N1,低频,開園,かいえん
N1,中频,開業,かいぎょう
N1,中频,開校,かいこう
N2,中频,開封,かいふう
N1,中频,外的,がいてき
N1,低频,概観,がいかん
N1,低频,概略,がいりゃく
N1,低频,街灯,がいとう
N2,中频,格段,かくだん
N1,低频,核心,かくしん
N1,中频,隔週,かくしゅう
N1,中频,割り振る,わりふる
N1,高频,割り当て,わりあて
N3,低频,株式,かぶしき
N1,低频,喚起,かんき
N2,高频,たまらない,たまらない
N1,高频,堪能,たんのう
N1,高频,完結,かんけつ
N2,低频,完備,かんび
N2,高频,感じ取る,かんじとる
N2,中频,感性,かんせい
N1,低频,感銘,かんめい
N3,高频,慣れ,なれ
N1,低频,簡便,かんべん
N1,中频,肝要,かんよう
N1,低频,鑑みる,かんがみる
N1,低频,閑静,かんせい
N2,中频,含み,ふくみ
N1,中频,顔負け,かおまけ
N2,低频,危機感,ききかん
N1,中频,危惧,きぐ
N1,高频,寄り添う,よりそう
N2,低频,寄り道,よりみち
N2,高频,寄付,きふ
N2,低频,機種,きしゅ
N1,低频,気まずい,きまずい
N1,低频,気概,きがい
N1,低频,気遣う,きづかう
N1,中频,気合,きあい
N1,低频,気心,きごころ
N2,中频,気力,きりょく
N2,中频,貴社,きしゃ
N2,中频,貴店,きてん
N2,中频,輝かしい,かがやかしい
N1,中频,偽る,いつわる
N5,未分频,よろしく,よろしく
N1,中频,戯れる,たわむれる
N1,中频,疑わしい,うたがわしい
N1,中频,議事,ぎじ
N2,中频,逆らう,さからう
N1,低频,逆行,ぎゃっこう
N2,中频,休止,きゅうし
N1,中频,急 遽,きゅうきょ
N2,中频,急増,きゅうぞう
N1,中频,急務,きゅうむ
N1,低频,球根,きゅうこん
N3,低频,球場,きゅうじょう
N1,低频,球状,きゅうじょう
N1,高频,究明,きゅうめい
N1,中频,巨匠,きょしょう
N1,高频,拒む,こばむ
N1,低频,挙句の果て,あげくのはて
N1,中频,漁獲,ぎょかく
N1,低频,供与,きょうよ
N1,高频,競合,きょうごう
N3,高频,共,とも
N2,高频,共有,きょうゆう
N1,低频,凶器,きょうき
N2,低频,強風,きょうふう
N1,中频,強要,きょうよう
N1,高频,恐竜,きょうりゅう
N1,低频,狂気,きょうき
N1,中频,狭める,せばめる
N2,低频,矯正,きょうせい
N1,低频,仰天,ぎょうてん
N1,中频,凝縮,ぎょうしゅく
N1,低频,暁,あかつき
N1,高频,局面,きょくめん
N2,中频,極まりない,きわまりない
N1,高频,極力,きょくりょく
N1,中频,均質,きんしつ
N1,中频,緊迫,きんぱく
N1,中频,緊密,きんみつ
N1,中频,金具,かなぐ
N1,低频,駆け寄る,かけよる
N2,低频,駆られる,かられる
N1,高频,駆除,くじょ
N1,中频,空白,くうはく
N2,中频,かがむ,かがむ
N2,低频,恵み,めぐみ
N1,中频,憩い,いこい
N1,高频,敬遠,けいえん
N1,中频,景観,けいかん
N3,低频,蛍光,けいこう
N2,中频,劇的,げきてき
N1,低频,欠航,けっこう
N3,低频,決まって,きまって
N2,低频,決まり文句,きまりもんく
N2,低频,決断力,けつだんりょく
N2,中频,決着,けっちゃく
N3,低频,結び,むすび
N1,中频,結び付き,むすびつき
N1,低频,血縁,けつえん
N1,低频,血行,けっこう
N1,高频,懸念,けねん
N1,低频,検閲,けんえつ
N2,低频,検察,けんさつ
N1,高频,検証,けんしょう
N2,低频,検診,けんしん
N1,低频,見とれる,みとれる
N1,中频,見栄え,みばえ
N1,低频,見越す,みこす
N1,低频,見境,みさかい
N1,高频,見極める,みきわめる
N1,高频,見識,けんしき
N1,低频,見受ける,みうける
N2,低频,見張る,みはる
N1,低频,見入る,みいる
N1,中频,見聞,けんぶん
N1,中频,見返り,みかえり
N2,低频,見放す,みはなす
N1,低频,元手,もとで
N1,低频,元祖,がんそ
N2,中频,原作,げんさく
N1,中频,原点,げんてん
N1,中频,原動力,げんどうりょく
N1,中频,原油,げんゆ
N3,低频,厳禁,げんきん
N2,低频,厳守,げんしゅ
N1,高频,幻想,げんそう
N2,低频,めりはり,めりはり
N1,中频,減税,げんぜい
N2,中频,現時点,げんじてん
N1,高频,現役,げんえき
N1,中频,言い回し,いいまわし
N1,低频,言い残す,いいのこす
N1,低频,言い渡す,いいわたす
N1,低频,言い放つ,いいはなつ
N1,低频,言及,げんきゅう
N1,中频,言動,げんどう
N2,中频,個々,ここ
N2,中频,個体,こたい
N1,低频,古めかしい,ふるめかしい
N1,低频,呼び寄せる,よびよせる
N1,高频,戸惑う,とまどう
N1,低频,もも,もも
N2,中频,顧客,こきゃく
N1,低频,顧問,こもん
N1,低频,五感,ごかん
N1,中频,後ろめたい,うしろめたい
N2,低频,後ろ向き,うしろむき
N1,低频,後援,こうえん
N3,中频,後日,ごじつ
N2,低频,後戻り,あともどり
N2,中频,語りかける,かたりかける
N1,低频,誤作動,ごさどう
N1,中频,交錯,こうさく
N1,中频,効能,こうのう
N1,低频,厚生,こうせい
N1,低频,口出し,くちだし
N2,低频,工科,こうか
N1,高频,工程,こうてい
N1,中频,工面,くめん
N1,中频,広大,こうだい
N1,高频,恒例,こうれい
N2,低频,抗体,こうたい
N2,低频,控えめ,ひかえめ
N1,低频,控え室,ひかえしつ
N2,低频,攻め,せめ
N2,中频,更新,こうしん
N1,低频,更生,こうせい
N1,低频,校正,こうせい
N1,中频,構想,こうそう
N1,高频,構築,こうちく
N2,低频,江戸,えど
N2,中频,考え込む,かんがえこむ
N2,中频,考え出す,かんがえだす
N2,低频,行き詰まる,いきづまる
N1,中频,行き届く,いきとどく
N1,低频,行く手,ゆくて
N1,低频,講読,こうどく
N1,低频,高々,たかだか
N2,低频,高み,たかみ
N2,低频,高温,こうおん
N1,高频,高額,こうがく
N1,低频,高揚,こうよう
N2,高频,高齢,こうれい
N3,高频,合わせて,あわせて
N1,中频,克明,こくめい
N2,低频,込み入る,こみいる
N2,高频,今や,いまや
N1,低频,困惑,こんわく
N2,低频,根強い,ねづよい
N1,高频,根源,こんげん
N2,低频,根性,こんじょう
N2,高频,根本的,こんぽんてき
N2,低频,梱包,こんぽう
N2,低频,差し入れ,さしいれ
N2,低频,差し迫る,さしせまる
N1,中频,差異,さい
N1,低频,査定,さてい
N2,低频,座標,ざひょう
N2,高频,再開,さいかい
N2,低频,最強,さいきょう
N3,低频,最上,さいじょう
N1,中频,彩り,いろどり
N1,中频,採取,さいしゅ
N2,中频,採集,さいしゅう
N1,低频,歳月,さいげつ
N1,低频,細心,さいしん
N1,中频,細分,さいぶん
N1,中频,財,ざい
N1,中频,作動,さどう
N2,中频,作用,さよう
N2,低频,昨今,さっこん
N3,低频,策,さく
N2,低频,冊子,さっし
N2,中频,察知,さっち
N1,低频,擦り切れる,すりきれる
N1,低频,雑貨,ざっか
N1,低频,雑踏,ざっとう
N1,高频,さらす,さらす
N1,低频,山積,さんせき
N1,中频,仕掛け,しかけ
N1,中频,仕業,しわざ
N1,低频,仕込む,しこむ
N2,中频,仕草,しぐさ
N2,中频,仕入れ,しいれ
N1,中频,仕分け,しわけ
N1,低频,仕返し,しかえし
N2,中频,使いこなす,つかいこなす
N1,低频,市議会,しぎかい
N2,中频,市販,しはん
N1,中频,志願,しがん
N2,低频,思いやり,おもいやり
N1,低频,思い詰める,おもいつめる
N1,中频,思い上がる,おもいあがる
N1,中频,思い入れ,おもいいれ
N1,中频,思い悩む,おもいなやむ
N2,中频,思う存分,おもうぞんぶん
N1,中频,思索,しさく
N1,中频,思春期,ししゅんき
N1,低频,指向,しこう
N1,低频,指数,しすう
N1,高频,支障,ししょう
N1,中频,死後,しご
N1,低频,死滅,しめつ
N1,高频,私的,してき
N1,低频,紫外線,しがいせん
N2,中频,視力,しりょく
N2,中频,試み,こころみ
N2,中频,試行,しこう
N2,中频,試行錯誤,しこうさくご
N1,低频,試練,しれん
N1,中频,歯止め,はどめ
N1,高频,事象,じしょう
N2,低频,似せる,にせる
N1,低频,似たり寄ったり,にたりよったり
N1,低频,字体,じたい
N2,中频,慈善,じぜん
N1,低频,持ちかける,もちかける
N1,中频,持て余す,もてあます
N1,中频,時代遅れ,じだいおくれ
N2,低频,自我,じが
N1,中频,自国,じこく
N2,中频,自社,じしゃ
N2,中频,自主,じしゅ
N1,低频,自粛,じしゅく
N1,低频,自制,じせい
N2,高频,自体,じたい
N1,高频,軸,じく
N1,低频,実況,じっきょう
N1,高频,実在,じつざい
N1,中频,煮詰める,につめる
N1,中频,遮断,しゃだん
N1,低频,邪悪,じゃあく
N1,中频,釈明,しゃくめい
N1,低频,弱音,よわね
N1,低频,弱肉強食,じゃくにくきょうしょく
N1,中频,主演,しゅえん
N1,低频,主旨,しゅし
N2,高频,主人公,しゅじんこう
N1,中频,主体性,しゅたいせい
N1,低频,取りやめる,とりやめる
N2,低频,取り返す,とりかえす
N1,中频,取り立てて,とりたてて
N1,中频,取り立てる,とりたてる
N2,低频,手違い,てちがい
N2,低频,手応え,てごたえ
N1,高频,手がける,てがける
N2,中频,手助け,てだすけ
N1,低频,手先,てさき
N1,低频,殊更,ことさら
N2,低频,狩り,かり
N1,低频,種子,しゅし
N1,低频,受け答え,うけこたえ
N1,中频,受注,じゅちゅう
N1,中频,収束,しゅうそく
N2,高频,収納,しゅうのう
N1,中频,就任,しゅうにん
N1,中频,修業,しゅぎょう
N1,中频,修士,しゅうし
N1,中频,修復,しゅうふく
N1,中频,終止,しゅうし
N1,中频,終止符,しゅうしふ
N1,低频,終息,しゅうそく
N1,低频,集い,つどい
N1,低频,集大成,しゅうたいせい
N1,低频,住人,じゅうにん
N1,中频,充足,じゅうそく
N2,中频,充満,じゅうまん
N1,低频,従属,じゅうぞく
N2,中频,柔軟性,じゅうなんせい
N1,低频,渋み,しぶみ
N2,中频,重み,おもみ
N1,低频,重圧,じゅうあつ
N1,低频,重厚,じゅうこう
N1,低频,重心,じゅうしん
N1,中频,熟慮,じゅくりょ
N2,低频,出願,しゅつがん
N2,低频,出社,しゅっしゃ
N1,低频,出題,しゅつだい
N2,低频,出店,しゅってん
N1,中频,出番,でばん
N1,高频,瞬時,しゅんじ
N2,高频,順位,じゅんい
N1,中频,順応,じゅんのう
N1,高频,もろもろ,もろもろ
N1,中频,助長,じょちょう
N3,中频,勝者,しょうしゃ
N1,低频,小心,しょうしん
N1,低频,小路,こうじ
N2,中频,少人数,しょうにんずう
N1,低频,消え去る,きえさる
N2,低频,照れくさい,てれくさい
N1,低频,照会,しょうかい
N1,高频,衝動,しょうどう
N3,低频,上空,じょうくう
N1,低频,上書き,うわがき
N3,低频,上場,じょうじょう
N1,低频,上陸,じょうりく
N1,低频,乗り気,のりき
N1,高频,乗り出す,のりだす
N1,低频,場当たり,ばあたり
N1,低频,拭き取る,ふきとる
N1,低频,植木鉢,うえきばち
N2,低频,職種,しょくしゅ
N1,中频,色とりどり,いろとりどり
N1,低频,色気,いろけ
N1,高频,色合い,いろあい
N2,高频,触れ合う,ふれあう
N1,中频,触発,しょくはつ
N1,高频,食い止める,くいとめる
N1,低频,心外,しんがい
N1,高频,心地よい,ここちよい
N1,低频,新奇,しんき
N3,低频,新型,しんがた
N2,中频,新品,しんぴん
N1,中频,浸る,ひたる
N2,低频,深み,ふかみ
N1,低频,深化,しんか
N2,高频,真,しん
N1,低频,真偽,しんぎ
N1,低频,真上,まうえ
N1,低频,真正面,ましょうめん
N1,中频,神経質,しんけいしつ
N1,中频,親近感,しんきんかん
N1,中频,親心,おやごころ
N1,低频,親方,おやかた
N1,中频,親密,しんみつ
N1,高频,人並み,ひとなみ
N1,低频,塵,ちり
N1,低频,尽力,じんりょく
N1,高频,推理,すいり
N1,低频,水深,すいしん
N1,低频,水槽,すいそう
N3,低频,水族館,すいぞくかん
N2,中频,数値,すうち
N1,中频,雛,ひな
N1,低频,据え置き,すえおき
N1,低频,寸前,すんぜん
N1,低频,性急,せいきゅう
N1,低频,成り行き,なりゆき
N1,低频,成員,せいいん
N1,低频,成就,じょうじゅ
N2,低频,成否,せいひ
N1,高频,政策,せいさく
N1,低频,晴らす,はらす
N1,低频,晴れ渡る,はれわたる
N2,中频,正座,せいざ
N1,低频,生々しい,なまなましい
N1,中频,生動,せいどう
N1,低频,盛り付け,もりつけ
N1,低频,精算,せいさん
N1,中频,精度,せいど
N1,低频,精力,せいりょく
N1,中频,請け負う,うけおう
N2,中频,積み重なる,つみかさなる
N1,低频,積み木,つみき
N1,低频,積み立てる,つみたてる
N2,中频,責める,せめる
N1,中频,跡地,あとち
N1,高频,切り抜ける,きりぬける
N1,中频,切り離す,きりはなす
N1,中频,切望,せつぼう
N1,中频,接点,せってん
N1,高频,摂取,せっしゅ
N1,中频,折,おり
N2,中频,折り畳む,おりたたむ
N2,中频,折り返し,おりかえし
N1,高频,説く,とく
N2,低频,説教,せっきょう
N1,低频,絶妙,ぜつみょう
N1,低频,せみ,せみ
N1,低频,先だって,せんだって
N1,低频,先述,せんじゅつ
N1,低频,先走る,さきばしる
N1,低频,先導,せんどう
N2,中频,先入観,せんにゅうかん
N1,高频,先方,せんぽう
N1,低频,戦前,せんぜん
N3,低频,扇子,せんす
N1,低频,浅はか,あさはか
N1,低频,潜水,せんすい
N2,低频,繊細,せんさい
N3,低频,前方,ぜんぽう
N2,中频,全額,ぜんがく
N1,中频,素振り,そぶり
N2,中频,組み込む,くみこむ
N2,中频,惣菜,そうざい
N1,低频,操縦,そうじゅう
N3,低频,早朝,そうちょう
N2,低频,相関,そうかん
N1,低频,相手取る,あいてどる
N1,低频,総じて,そうじて
N2,低频,総数,そうすう
N2,中频,送付,そうふ
N1,高频,増殖,ぞうしょく
N1,中频,増税,ぞうぜい
N1,低频,則る,のっとる
N1,低频,即刻,そっこく
N2,中频,足腰,あしこし
N1,低频,足取り,あしどり
N1,低频,尊厳,そんげん
N1,中频,損ねる,そこねる
N1,低频,損傷,そんしょう
N1,低频,村落,そんらく
N1,高频,多角,たかく
N2,中频,多額,たがく
N1,高频,多岐,たき
N2,中频,多大,ただい
N1,低频,多発,たはつ
N1,中频,打ち解ける,うちとける
N1,中频,うってつけ,うってつけ
N1,中频,打診,だしん
N2,低频,体外,たいがい
N2,低频,体質,たいしつ
N2,低频,体得,たいとく
N1,低频,耐性,たいせい
N1,低频,待ち受ける,まちうける
N2,低频,待ち伏せ,まちぶせ
N1,低频,待機,たいき
N2,低频,代々,だいだい
N1,中频,代行,だいこう
N1,低频,代講,だいこう
N1,中频,大がかり,おおがかり
N2,低频,大局,たいきょく
N1,低频,大口,おおぐち
N1,高频,大正,たいしょう
N3,中频,大雪,おおゆき
N1,低频,大台,おおだい
N2,低频,大別,たいべつ
N1,低频,大便,だいべん
N1,低频,大粒,おおつぶ
N1,高频,第三者,だいさんしゃ
N1,中频,託す,たくす
N1,低频,脱,だつ
N1,低频,丹精,たんせい
N1,中频,単独,たんどく
N2,低频,探究,たんきゅう
N1,中频,探知,たんち
N1,中频,探偵,たんてい
N1,低频,たたえる,たたえる
N1,低频,短絡,たんらく
N1,中频,端的,たんてき
N1,中频,断ち切る,たちきる
N1,低频,断念,だんねん
N1,高频,知覚,ちかく
N1,低频,地殻,ちかく
N1,中频,地形,ちけい
N1,低频,置き去り,おきざり
N2,中频,蓄え,たくわえ
N1,中频,着色,ちゃくしょく
N4,未分频,着付け,きつけ
N1,低频,中枢,ちゅうすう
N1,低频,仲間入り,なかまいり
N1,低频,虫食い,むしくい
N1,低频,兆候,ちょうこう
N1,低频,聴衆,ちょうしゅう
N2,低频,腸,ちょう
N2,低频,蝶,ちょう
N1,高频,調達,ちょうたつ
N2,高频,調理,ちょうり
N2,低频,追い詰める,おいつめる
N1,低频,追い払う,おいはらう
N2,低频,追い立てる,おいたてる
N1,中频,追究,ついきゅう
N2,低频,痛ましい,いたましい
N1,低频,痛手,いたで
N2,低频,通念,つうねん
N1,低频,通報,つうほう
N1,低频,鶴,つる
N2,低频,低温,ていおん
N1,高频,低迷,ていめい
N1,低频,呈示,ていじ
N1,低频,定か,さだか
N1,高频,定時,ていじ
N1,低频,定職,ていしょく
N1,低频,定説,ていせつ
N1,中频,定番,ていばん
N1,中频,ほどほど,ほどほど
N2,低频,締めくくる,しめくくる
N1,低频,締めつける,しめつける
N1,低频,締結,ていけつ
N1,低频,摘出,てきしゅつ
N1,低频,摘発,てきはつ
N2,中频,敵う,かなう
N1,中频,的,まと
N2,中频,適う,かなう
N2,中频,適性,てきせい
N1,低频,撤廃,てっぱい
N1,中频,天体,てんたい
N1,低频,天文,てんもん
N2,中频,添加,てんか
N1,中频,転化,てんか
N1,中频,伝承,でんしょう
N2,低频,伝票,でんぴょう
N2,中频,途方もない,とほうもない
N1,低频,度外視,どがいし
N2,低频,土俵,どひょう
N1,中频,冬山,ふゆやま
N2,低频,投 函,とうかん
N3,低频,投げ捨てる,なげすてる
N1,低频,投げ出す,なげだす
N1,中频,投球,とうきゅう
N1,低频,東南,とうなん
N1,低频,踏み越える,ふみこえる
N2,低频,踏み出す,ふみだす
N1,中频,踏み入れる,ふみいれる
N2,低频,頭ごなし,あたまごなし
N3,中频,動的,どうてき
N1,低频,同然,どうぜん
N1,中频,同伴,どうはん
N1,低频,胴,どう
N1,中频,道のり,みちのり
N1,低频,道筋,みちすじ
N2,低频,どうりで,どうりで
N1,低频,独学,どくがく
N2,中频,突き詰める,つきつめる
N1,高频,突き止める,つきとめる
N1,低频,突き出す,つきだす
N2,中频,突き進む,つきすすむ
N1,中频,突き放す,つきはなす
N2,低频,突拍子もない,とっぴょうしもない
N2,低频,内蔵,ないぞう
N1,中频,難航,なんこう
N2,中频,二酸化炭素,にさんかたんそ
N1,低频,日和,ひより
N1,高频,入荷,にゅうか
N2,中频,入居,にゅうきょ
N1,中频,入念,にゅうねん
N3,中频,入門,にゅうもん
N2,低频,任す,まかす
N1,低频,忍ぶ,しのぶ
N1,高频,認知,にんち
N1,低频,熱湯,ねっとう
N1,低频,熱量,ねつりょう
N1,低频,年俸,ねんぽう
N2,低频,念,ねん
N1,中频,念入り,ねんいり
N1,低频,捻出,ねんしゅつ
N2,中频,濃厚,のうこう
N1,高频,濃密,のうみつ
N1,高频,納期,のうき
N2,高频,納品,のうひん
N2,高频,脳,のう
N1,低频,農場,のうじょう
N1,中频,波及,はきゅう
N1,低频,破綻,はたん
N1,高频,羽目,はめ
N1,中频,廃棄物,はいきぶつ
N2,低频,敗者,はいしゃ
N2,中频,背景,はいけい
N1,中频,配付,はいふ
N2,低频,配役,はいやく
N1,高频,培う,つちかう
N1,中频,拍子,ひょうし
N1,低频,薄まる,うすまる
N1,低频,発育,はついく
N1,中频,発酵,はっこう
N2,低频,発散,はっさん
N1,中频,発注,はっちゅう
N1,低频,発病,はつびょう
N1,低频,罰,ばつ
N1,低频,抜きん出る,ぬきんでる
N1,低频,抜き打ち,ぬきうち
N2,低频,抜け落ちる,ぬけおちる
N1,高频,抜群,ばつぐん
N1,中频,抜粋,ばっすい
N2,中频,判,はん
N2,中频,半数,はんすう
N1,低频,販路,はんろ
N1,中频,煩雑,はんざつ
N1,低频,番人,ばんにん
N1,高频,否めない,いなめない
N1,高频,秘める,ひめる
N2,低频,肥える,こえる
N1,高频,飛躍,ひやく
N2,低频,備え付ける,そなえつける
N1,中频,微生物,びせいぶつ
N1,中频,美化,びか
N3,高频,美術,びじゅつ
N1,高频,必須,ひっす
N1,低频,必然性,ひつぜんせい
N2,中频,百科,ひゃっか
N2,低频,票,ひょう
N1,低频,表向き,おもてむき
N1,中频,貧富,ひんぷ
N1,低频,不穏,ふおん
N1,低频,不可解,ふかかい
N1,低频,不慣れ,ふなれ
N2,低频,不具合,ふぐあい
N1,中频,不祥事,ふしょうじ
N1,中频,不信,ふしん
N1,中频,不信感,ふしんかん
N1,低频,不人気,ふにんき
N2,低频,不得手,ふえて
N1,低频,不本意,ふほんい
N3,高频,不要,ふよう
N1,中频,富,とみ
N1,低频,浮き彫り,うきぼり
N1,低频,符合,ふごう
N1,低频,負荷,ふか
N1,高频,付加,ふか
N1,低频,部族,ぶぞく
N2,低频,封,ふう
N1,低频,風合い,ふうあい
N1,低频,風俗,ふうぞく
N1,低频,伏せる,ふせる
N1,中频,副業,ふくぎょう
N1,低频,福利,ふくり
N1,中频,払拭,ふっしょく
N1,中频,物件,ぶっけん
N1,低频,分け与える,わけあたえる
N2,低频,分裂,ぶんれつ
N1,低频,憤り,いきどおり
N1,中频,文化財,ぶんかざい
N1,低频,聞きつける,ききつける
N2,中频,平常心,へいじょうしん
N1,低频,平静,へいせい
N1,低频,平年,へいねん
N1,高频,弊害,へいがい
N1,中频,並行,へいこう
N1,低频,閉じ込める,とじこめる
N2,中频,偏り,かたより
N2,中频,変形,へんけい
N1,高频,変容,へんよう
N2,低频,片〜,かた〜
N1,低频,片隅,かたすみ
N1,低频,編成,へんせい
N1,高频,編著,へんちょ
N2,中频,返金,へんきん
N1,中频,返上,へんじょう
N1,中频,返送,へんそう
N1,高频,弁護士,べんごし
N3,低频,保育,ほいく
N1,高频,保温,ほおん
N2,中频,捕らわれる,とらわれる
N1,中频,法人,ほうじん
N2,低频,法的,ほうてき
N1,高频,芳しい,かんばしい
N1,低频,褒めたたえる,ほめたたえる
N1,低频,紡ぐ,つむぐ
N1,低频,没,ぼつ
N2,低频,本業,ほんぎょう
N2,中频,本心,ほんしん
N1,中频,本体,ほんたい
N2,低频,本番,ほんばん
N1,低频,翻す,ひるがえす
N1,低频,埋め合わせる,うめあわせる
N2,低频,埋め込む,うめこむ
N1,低频,万事,ばんじ
N3,中频,万人,ばんにん
N1,中频,満たない,みたない
N1,低频,満月,まんげつ
N2,中频,味わい,あじわい
N2,中频,未経験,みけいけん
N1,中频,未然,みぜん
N2,中频,無縁,むえん
N1,中频,無気力,むきりょく
N1,低频,無残,むざん
N1,中频,無実,むじつ
N2,低频,無条件,むじょうけん
N1,低频,無造作,むぞうさ
N1,中频,無謀,むぼう
N1,低频,無防備,むぼうび
N2,中频,模型,もけい
N1,低频,猛,もう
N1,中频,網羅,もうら
N1,高频,目まぐるしい,めまぐるしい
N1,高频,目先,めさき
N1,低频,問い詰める,といつめる
N1,低频,諭す,さとす
N1,低频,ありよう,ありよう
N2,低频,有史,ゆうし
N2,低频,有力者,ゆうりょくしゃ
N1,低频,由緒,ゆいしょ
N2,低频,遊び心,あそびごころ
N1,低频,余生,よせい
N2,高频,容姿,ようし
N1,低频,揺るがす,ゆるがす
N2,高频,要する,ようする
N2,中频,欲求,よっきゅう
N2,中频,頼もしい,たのもしい
N2,低频,落とし穴,おとしあな
N1,中频,落書き,らくがき
N1,中频,落胆,らくたん
N1,高频,理念,りねん
N1,中频,裏腹,うらはら
N1,低频,裏目,うらめ
N1,低频,率先,そっせん
N1,低频,立ち退く,たちのく
N2,低频,立ち並ぶ,たちならぶ
N1,低频,立ち返る,たちかえる
N1,中频,立体,りったい
N1,中频,かすれる,かすれる
N2,低频,寮生,りょうせい
N2,低频,臨む,のぞむ
N1,中频,輪郭,りんかく
N1,高频,類い,たぐい
N1,低频,類型,るいけい
N1,低频,零細,れいさい
N1,中频,歴然,れきぜん
N1,高频,連携,れんけい
N1,低频,連帯感,れんたいかん
N1,中频,弄ぶ,もてあそぶ
N1,低频,老若男女,ろうにゃくなんにょ
N1,低频,論説,ろんせつ
N2,中频,論理的,ろんりてき
N1,中频,和む,なごむ
N1,高频,和らぐ,やわらぐ
N1,低频,つぼ,つぼ
N1,中频,つぶる,つぶる
N1,低频,貪欲,どんよく
N1,低频,眉を 顰める,まゆをひそめる
N5,未分频,下さい,ください
N4,未分频,鳥肉,とりにく
N5,未分频,より,より
N5,未分频,一,いち
N5,未分频,九,きゅう
N5,未分频,五,ご
N5,未分频,三,さん
N5,未分频,四,よん
N5,未分频,七,なな
N5,未分频,十,じゅう
N5,未分频,大好き,だいすき
N5,未分频,二,に
N5,未分频,おばさん,おばさん
N5,未分频,八,はち
N4,未分频,門,もん
N5,未分频,六,ろく
N5,未分频,みそ,みそ
N2,中频,運賃,うんちん
N2,中频,お気に入り,おきにいり
N4,未分频,彼氏,かれし
N3,高频,気になる,きになる
N4,未分频,気に入る,きにいる
N3,中频,件名,けんめい
N3,中频,交通費,こうつうひ
N3,中频,掃除機,そうじき
N3,中频,たまる,たまる
N1,中频,退く,しりぞく
N2,高频,鈍い,にぶい
N1,低频,リモコン,(和) remote+control
N2,高频,一斉に,いっせいに
N2,低频,拝む,おがむ
N2,高频,途端,とたん
N2,低频,しんと,しんと
N2,低频,〜界,〜かい
N1,中频,脅かす,おびやかす
N1,低频,健やか,すこやか
N2,中频,好ましい,このましい
N2,中频,情,じょう
N2,高频,振り返る,ふりかえる
N1,低频,つまむ,つまむ
N3,低频,当,とう
N1,中频,無難,ぶなん
N1,高频,ゆがむ,ゆがむ
N1,低频,すすぐ,すすぐ
N1,低频,脅かす,おどかす
N5,未分频,〜年,〜ねん
N5,未分频,〜人,〜じん
N2,低频,韓国,かんこく
N5,未分频,速い,はやい
N2,低频,遭う,あう
N2,低频,鎮める,しずめる
N3,中频,付き,つき
N1,中频,それにしても,それにしても
N3,低频,ついては,ついては
N1,高频,除去,じょきょ
N2,中频,在宅,ざいたく
N2,中频,接客,せっきゃく
N1,高频,録画,ろくが
N1,低频,音読,おんどく
N1,中频,直営,ちょくえい
N1,低频,貸与,たいよ
N1,低频,落葉,らくよう
N1,中频,才覚,さいかく
N1,高频,対 峙,たいじ
N1,低频,造形,ぞうけい
N1,高频,起業,きぎょう
N1,高频,出荷,しゅっか
N1,高频,既存,きそん
N1,高频,取引,とりひき
N1,高频,実証,じっしょう
N1,中频,提起,ていき
N1,低频,リタイア,retire
N1,低频,黙読,もくどく
N1,高频,ディスカッション,discussion
N1,中频,狩猟,しゅりょう
N1,高频,明示,めいじ
N1,中频,忍耐,にんたい
N1,中频,裏打ち,うらうち
N1,高频,殺菌,さっきん
N1,中频,衰弱,すいじゃく
N1,高频,再考,さいこう
N1,中频,没入,ぼつにゅう
N1,中频,出没,しゅつぼつ
N1,低频,直進,ちょくしん
N1,高频,拮抗,きっこう
N1,高频,留意,りゅうい
N1,中频,過信,かしん
N1,中频,洗浄,せんじょう
N1,中频,占有,せんゆう
N1,中频,固執,こしつ
N1,低频,認定,にんてい
N1,中频,愛護,あいご
N1,中频,推察,すいさつ
N1,中频,潜在,せんざい
N1,中频,防御,ぼうぎょ
N1,高频,集約,しゅうやく
N1,低频,渇望,かつぼう
N1,低频,攪乱,かくらん
N1,低频,痙攣,けいれん
N1,中频,複製,ふくせい
N1,中频,リンク,link
N1,中频,隣接,りんせつ
N1,高频,復帰,ふっき
N1,中频,撤去,てっきょ
N1,高频,配属,はいぞく
N1,低频,養殖,ようしょく
N1,高频,面談,めんだん
N1,中频,売却,ばいきゃく
N1,中频,考案,こうあん
N1,中频,撤退,てったい
N1,中频,増員,ぞういん
N1,低频,同化,どうか
N1,低频,転売,てんばい
N1,中频,抽出,ちゅうしゅつ
N1,中频,投影,とうえい
N1,中频,受理,じゅり
N1,低频,両用,りょうよう
N1,中频,激動,げきどう
N3,中频,察し,さっし
N1,中频,誇示,こじ
N1,中频,所蔵,しょぞう
N1,高频,浸透,しんとう
N1,中频,献身,けんしん
N1,低频,直撃,ちょくげき
N1,低频,増収,ぞうしゅう
N1,低频,満腹,まんぷく
N1,中频,容認,ようにん
N1,低频,督促,とくそく
N1,中频,発覚,はっかく
N1,低频,習練,しゅうれん
N1,低频,酷評,こくひょう
N1,高频,熟知,じゅくち
N1,低频,錬磨,れんま
N1,中频,警報,けいほう
N1,低频,千変万化,せんぺんばんか
N1,中频,伸縮,しんしゅく
N1,低频,封印,ふういん
N1,低频,忘却,ぼうきゃく
N1,低频,専心,せんしん
N1,低频,懐疑,かいぎ
N1,中频,昇華,しょうか
N1,中频,明記,めいき
N1,中频,散策,さんさく
N1,低频,点滅,てんめつ
N1,中频,改築,かいちく
N1,中频,送り迎え,おくりむかえ
N1,低频,新調,しんちょう
N1,中频,点在,てんざい
N1,中频,混在,こんざい
N1,高频,誘致,ゆうち
N1,低频,在職,ざいしょく
N1,中频,愛読,あいどく
N1,中频,商談,しょうだん
N1,低频,放牧,ほうぼく
N1,低频,決裁,けっさい
N1,低频,会食,かいしょく
N1,低频,習熟,しゅうじゅく
N1,低频,出土,しゅつど
N1,中频,再選,さいせん
N1,低频,輩出,はいしゅつ
N1,低频,併用,へいよう
N1,低频,推奨,すいしょう
N1,低频,転入,てんにゅう
N1,中频,管轄,かんかつ
N1,低频,生殖,せいしょく
N1,低频,交配,こうはい
N1,低频,流入,りゅうにゅう
N1,低频,濾過,ろか
N1,低频,履修,りしゅう
N1,高频,躊躇,ちゅうちょ
N1,低频,てんてこ舞い,てんてこまい
N1,中频,伐採,ばっさい
N1,低频,廃業,はいぎょう
N1,低频,推論,すいろん
N1,中频,搭載,とうさい
N1,低频,ダイビング,diving
N1,低频,粉砕,ふんさい
N1,低频,焼却,しょうきゃく
N1,低频,遊泳,ゆうえい
N1,低频,製本,せいほん
N1,低频,製氷,せいひょう
N1,低频,冷却,れいきゃく
N1,中频,連動,れんどう
N1,低频,特設,とくせつ
N1,低频,帳消し,ちょうけし
N1,低频,君臨,くんりん
N1,低频,軽装,けいそう
N1,低频,自滅,じめつ
N1,低频,付着,ふちゃく
N1,低频,和解,わかい
N1,中频,必着,ひっちゃく
N1,中频,挫折,ざせつ
N1,低频,白熱,はくねつ
N1,低频,撲滅,ぼくめつ
N1,低频,立案,りつあん
N1,低频,充当,じゅうとう
N1,低频,打撲,だぼく
N1,低频,苦笑い,にがわらい
N1,低频,過熱,かねつ
N1,低频,近接,きんせつ
N1,低频,一戦,いっせん
N1,低频,編 纂,へんさん
N1,低频,帰結,きけつ
N1,中频,立候補,りっこうほ
N1,低频,作図,さくず
N1,中频,肥大,ひだい
N1,低频,散在,さんざい
N1,低频,脱税,だつぜい
N1,低频,先取り,さきどり
N2,中频,衰退,すいたい
N1,低频,迎合,げいごう
N1,中频,撤回,てっかい
N1,低频,増設,ぞうせつ
N1,低频,発着,はっちゃく
N1,低频,訪日,ほうにち
N1,中频,代替,だいたい
N1,低频,驚嘆,きょうたん
N1,低频,解禁,かいきん
N1,高频,起用,きよう
N1,低频,スライス,slice
N1,低频,手立て,てだて
N3,低频,左折,させつ
N1,低频,恩返し,おんがえし
N1,中频,精通,せいつう
N1,低频,着想,ちゃくそう
N1,低频,熟考,じゅっこう
N1,低频,内省,ないせい
N1,低频,突出,とっしゅつ
N1,低频,逆戻り,ぎゃくもどり
N1,低频,後押し,あとおし
N1,低频,漏 洩,ろうえい
N1,低频,流布,るふ
N1,中频,感知,かんち
N1,低频,感嘆,かんたん
N1,中频,供述,きょうじゅつ
N1,低频,急進,きゅうしん
N1,低频,邁進,まいしん
N1,低频,却下,きゃっか
N1,低频,転移,てんい
N1,中频,紛糾,ふんきゅう
N1,低频,巡回,じゅんかい
N1,低频,枯渇,こかつ
N1,中频,絶賛,ぜっさん
N1,低频,出馬,しゅつば
N1,低频,施錠,せじょう
N1,低频,沈下,ちんか
N1,低频,仲裁,ちゅうさい
N1,中频,露出,ろしゅつ
N1,低频,すべすべ,すべすべ
N1,低频,ごつごつ,ごつごつ
N1,低频,夢想,むそう
N1,低频,代償,だいしょう
N1,低频,謳歌,おうか
N1,低频,潜伏,せんぷく
N1,低频,自重,じちょう
N1,中频,譲渡,じょうと
N1,中频,著作,ちょさく
N1,低频,校閲,こうえつ
N1,低频,不倫,ふりん
N1,高频,店舗,てんぽ
N1,低频,人里,ひとざと
N1,高频,土壌,どじょう
N1,低频,寄生虫,きせいちゅう
N1,高频,営み,いとなみ
N1,低频,使い手,つかいて
N1,低频,リネン,linen
N1,中频,しいたけ,しいたけ
N1,低频,蟹,かに
N1,低频,図面,ずめん
N1,低频,盆踊り,ぼんおどり
N1,高频,優劣,ゆうれつ
N2,高频,海水,かいすい
N1,低频,軒先,のきさき
N1,中频,渡り,わたり
N1,低频,雷雨,らいう
N1,高频,天敵,てんてき
N2,中频,ひまわり,ひまわり
N1,中频,断片,だんぺん
N1,低频,書庫,しょこ
N1,低频,十二支,じゅうにし
N1,中频,互角,ごかく
N1,低频,史実,しじつ
N2,低频,ねぎ,ねぎ
N1,高频,双方,そうほう
N1,高频,老朽,ろうきゅう
N2,中频,遺伝子,いでんし
N1,低频,鋳型,いがた
N2,高频,関わり,かかわり
N1,高频,人家,じんか
N1,中频,スランプ,slump
N1,高频,筋道,すじみち
N1,中频,旧来,きゅうらい
N1,中频,基調,きちょう
N1,低频,断じて,だんじて
N1,高频,無名,むめい
N1,高频,資質,ししつ
N1,高频,業種,ぎょうしゅ
N1,低频,人間ドック,にんげんどっく
N1,中频,上限,じょうげん
N1,高频,幼虫,ようちゅう
N1,低频,端末,たんまつ
N1,中频,ガイドライン,guideline
N1,中频,間取り,まどり
N1,中频,シニア,senior
N1,高频,皮切り,かわきり
N1,高频,尺度,しゃくど
N1,高频,罠,わな
N1,中频,すかさず,すかさず
N1,低频,我が身,わがみ
N1,中频,別個,べっこ
N1,高频,マスメディア,mass media
N1,中频,音響,おんきょう
N1,中频,とことん,とことん
N1,中频,人一倍,ひといちばい
N1,中频,民話,みんわ
N1,高频,本書,ほんしょ
N1,低频,工具,こうぐ
N1,低频,誤植,ごしょく
N1,中频,指針,ししん
N3,低频,屋内,おくない
N1,低频,出方,でかた
N3,低频,用具,ようぐ
N1,中频,対極,たいきょく
N1,中频,水中,すいちゅう
N1,中频,アシスタント,assistant
N1,中频,担い手,にないて
N1,高频,経緯,けいい
N1,低频,亡者,もうじゃ
N1,中频,風情,ふぜい
N1,中频,誌面,しめん
N1,中频,土器,どき
N1,中频,河原,かわら
N1,低频,南半球,みなみはんきゅう
N1,中频,店先,みせさき
N1,中频,潤い,うるおい
N1,中频,迷路,めいろ
N1,中频,首尾,しゅび
N1,低频,良書,りょうしょ
N1,低频,サバンナ,savanna
N1,中频,遺物,いぶつ
N1,低频,里帰り,さとがえり
N1,低频,物見,ものみ
N1,低频,遊山,ゆさん
N1,低频,細切れ,こまぎれ
N1,低频,素地,そじ
N1,高频,度合い,どあい
N1,低频,論旨,ろんし
N1,低频,テナント,tenant
N1,中频,客層,きゃくそう
N1,低频,魔物,まもの
N1,中频,爬虫類,はちゅうるい
N1,低频,客室,きゃくしつ
N1,中频,車体,しゃたい
N1,中频,二の次,にのつぎ
N1,中频,リセット,reset
N1,低频,ウエア,wear
N1,中频,肌触り,はだざわり
N1,中频,ぽい捨て,ぽいすて
N1,中频,惜しくも,おしくも
N1,中频,兼ね合い,かねあい
N1,中频,風通し,かぜとおし
N1,低频,高気圧,こうきあつ
N1,中频,終盤,しゅうばん
N1,中频,悲願,ひがん
N1,中频,むっと,むっと
N1,中频,現職,げんしょく
N1,中频,獣医,じゅうい
N1,中频,路線,ろせん
N2,中频,見分け,みわけ
N1,中频,遊歩道,ゆうほどう
N1,中频,アナログ,analog・analogue
N1,高频,知名度,ちめいど
N1,中频,媒体,ばいたい
N2,低频,賛否,さんぴ
N1,中频,鮮度,せんど
N1,高频,原価,げんか
N1,中频,最良,さいりょう
N1,中频,愕然,がくぜん
N1,中频,ビッグ,big
N1,中频,白紙,はくし
N1,中频,難関,なんかん
N1,低频,頭打ち,あたまうち
N1,低频,メンテナンス,maintenance
N1,低频,若木,わかぎ
N1,低频,品位,ひんい
N1,中频,劣勢,れっせい
N1,低频,激流,げきりゅう
N1,低频,農夫,のうふ
N1,低频,臨床,りんしょう
N1,低频,里,さと
N1,低频,仙人,せんにん
N1,低频,化け物,ばけもの
N1,中频,室温,しつおん
N1,低频,巻物,まきもの
N1,低频,混 沌,こんとん
N1,中频,岐路,きろ
N2,中频,ステップ,step
N1,低频,表面張力,ひょうめんちょうりょく
N1,低频,生半可,なまはんか
N1,低频,あぐら,あぐら
N1,中频,漁民,ぎょみん
N1,中频,絵柄,えがら
N1,低频,境内,けいだい
N1,中频,趨勢,すうせい
N1,中频,同列,どうれつ
N1,低频,石垣,いしがき
N1,中频,意表,いひょう
N1,低频,薬剤,やくざい
N1,低频,田畑,たはた
N1,低频,いわんや,いわんや
N1,低频,威厳,いげん
N1,低频,絵描き,えかき
N2,中频,買い手,かいて
N1,中频,風潮,ふうちょう
N1,低频,背丈,せたけ
N1,中频,巷,ちまた
N1,低频,雑用,ざつよう
N1,低频,類人猿,るいじんえん
N1,低频,彗星,すいせい
N1,中频,成り立ち,なりたち
N1,低频,一足飛び,いっそくとび
N2,中频,域,いき
N1,低频,用足し,ようたし
N1,低频,世俗,せぞく
N1,低频,沽券,こけん
N1,低频,豪傑,ごうけつ
N1,低频,人為,じんい
N1,低频,漆,うるし
N1,中频,ともすると,ともすると
N1,低频,空疎,くうそ
N1,低频,平安,へいあん
N1,高频,不向き,ふむき
N1,低频,洋館,ようかん
N1,低频,労苦,ろうく
N1,低频,領分,りょうぶん
N1,低频,餌付け,えづけ
N1,高频,何にも,なんにも
N1,低频,話半分,はなしはんぶん
N1,低频,寄る辺,よるべ
N1,低频,源泉,げんせん
N1,低频,自家 撞着,じかどうちゃく
N1,高频,暗黙,あんもく
N1,中频,エッセンス,essence
N1,低频,ハイライト,highlight
N1,低频,耳目,じもく
N1,中频,歯ぎしり,はぎしり
N1,低频,太もも,ふともも
N1,低频,関節,かんせつ
N1,中频,むき出し,むきだし
N1,低频,アングル,angle
N1,低频,代役,だいやく
N1,低频,夢にも,ゆめにも
N1,低频,寝具,しんぐ
N1,低频,ざわめき,ざわめき
N1,低频,観葉植物,かんようしょくぶつ
N1,低频,雨上がり,あめあがり
N1,低频,脚光を浴びる,きゃっこうをあびる
N1,低频,物おじ,ものおじ
N1,低频,冬至,とうじ
N1,低频,夏至,げし
N1,低频,潤滑油,じゅんかつゆ
N1,中频,質感,しつかん
N1,低频,山奥,やまおく
N1,中频,日替わり,ひがわり
N1,中频,内装,ないそう
N1,低频,ひだ,ひだ
N1,低频,まぐろ,まぐろ
N1,中频,大輪,たいりん
N1,低频,器材,きざい
N1,中频,家業,かぎょう
N1,中频,ランキング,ranking
N1,低频,色素,しきそ
N1,低频,高学年,こうがくねん
N1,中频,片っ端から,かたっぱしから
N1,低频,豚カツ,とんカツ
N1,低频,裏話,うらばなし
N1,中频,濃淡,のうたん
N1,低频,無人島,むじんとう
N1,低频,草むら,くさむら
N1,低频,差し当たり,さしあたり
N1,中频,本題,ほんだい
N1,低频,辛くも,からくも
N2,中频,フロア,floor
N1,低频,昼夜,ちゅうや
N1,低频,自筆,じひつ
N1,低频,書式,しょしき
N1,低频,後発,こうはつ
N1,低频,切り口,きりくち
N1,低频,渋々,しぶしぶ
N1,低频,季節風,きせつふう
N1,低频,消印,けしいん
N1,中频,ゆかり,ゆかり
N1,低频,言い伝え,いいつたえ
N1,低频,胴体,どうたい
N1,低频,海中,かいちゅう
N1,中频,食用,しょくよう
N1,低频,石段,いしだん
N1,低频,キャビネット,cabinet
N1,低频,自家製,じかせい
N1,低频,物産,ぶっさん
N1,中频,コンディション,condition
N1,低频,元凶,げんきょう
N2,低频,格安,かくやす
N1,中频,自前,じまえ
N1,低频,未完成,みかんせい
N1,低频,不測,ふそく
N1,中频,臨機応変,りんきおうへん
N1,中频,糧,かて
N1,低频,拾い物,ひろいもの
N1,低频,真冬,まふゆ
N1,低频,山肌,やまはだ
N1,低频,心意気,こころいき
N1,中频,フラッシュ,flash
N1,中频,定評,ていひょう
N3,中频,たんす,たんす
N1,中频,檜,ひのき
N1,中频,仕切り,しきり
N1,中频,取り決め,とりきめ
N1,中频,幼少,ようしょう
N1,中频,栄冠,えいかん
N1,低频,上向き,うわむき
N1,低频,物品,ぶっぴん
N1,低频,奥行き,おくゆき
N1,低频,水辺,みずべ
N1,低频,原案,げんあん
N1,低频,機体,きたい
N1,中频,頻度,ひんど
N1,低频,渓谷,けいこく
N1,低频,被告,ひこく
N1,低频,善悪,ぜんあく
N1,低频,師走,しわす
N1,低频,プラスアルファ,(和) plus＋alpha
N1,低频,話しぶり,はなしぶり
N1,低频,精鋭,せいえい
N1,低频,時価,じか
N1,低频,ありがたみ,ありがたみ
N1,低频,恩人,おんじん
N1,低频,厳冬,げんとう
N1,低频,最高峰,さいこうほう
N1,低频,布地,ぬのじ
N1,低频,大国,たいこく
N1,低频,仏閣,ぶっかく
N1,中频,白木,しらき
N1,低频,甲斐性,かいしょう
N1,中频,敷地,しきち
N1,低频,流派,りゅうは
N1,低频,実権,じっけん
N1,中频,揚げ物,あげもの
N3,低频,入試,にゅうし
N1,低频,役柄,やくがら
N1,中频,正論,せいろん
N1,低频,和歌,わか
N1,低频,美意識,びいしき
N1,中频,手持ち,てもち
N1,中频,本意,ほんい
N1,低频,手始め,てはじめ
N1,低频,前略,ぜんりゃく
N3,低频,変人,へんじん
N1,低频,ひたひた,ひたひた
N1,低频,悲哀,ひあい
N1,低频,ボンベ,(ド) Bombe
N1,低频,成虫,せいちゅう
N1,低频,書棚,しょだな
N1,低频,かもめ,かもめ
N1,低频,町人,ちょうにん
N1,中频,狸,たぬき
N2,低频,溝,みぞ
N2,中频,ゴリラ,gorilla
N1,低频,至上,しじょう
N1,中频,物陰,ものかげ
N1,低频,巨木,きょぼく
N1,低频,新茶,しんちゃ
N1,低频,振幅,しんぷく
N1,低频,自意識,じいしき
N1,低频,同類,どうるい
N1,低频,虫害,ちゅうがい
N1,低频,製薬,せいやく
N1,低频,害鳥,がいちょう
N1,低频,汚名,おめい
N1,高频,品ぞろえ,しなぞろえ
N1,低频,節度,せつど
N1,中频,私生活,しせいかつ
N1,低频,放し飼い,はなしがい
N1,中频,可否,かひ
N1,低频,オアシス,oasis
N1,低频,内実,ないじつ
N1,低频,条例,じょうれい
N1,低频,異色,いしょく
N1,低频,遠隔,えんかく
N1,中频,さぞかし,さぞかし
N1,中频,特典,とくてん
N1,低频,含み笑い,ふくみわらい
N1,低频,趣向,しゅこう
N1,低频,文言,もんごん
N1,低频,巨額,きょがく
N1,中频,近海,きんかい
N1,低频,後書き,あとがき
N1,中频,第一人者,だいいちにんしゃ
N1,低频,拍車をかける,はくしゃをかける
N1,中频,若年,じゃくねん
N1,中频,行間,ぎょうかん
N1,低频,随想,ずいそう
N1,中频,醍醐味,だいごみ
N1,低频,家系,かけい
N1,低频,見ず知らず,みずしらず
N1,低频,前衛,ぜんえい
N1,中频,力士,りきし
N1,中频,スコア,score
N1,中频,スタンス,stance
N1,高频,内外,ないがい
N1,低频,栄養士,えいようし
N1,低频,汗だく,あせだく
N1,低频,凡人,ぼんじん
N1,低频,論拠,ろんきょ
N1,低频,小惑星,しょうわくせい
N1,低频,デフレ,deflation
N1,低频,洋画,ようが
N1,低频,遠目,とおめ
N1,低频,砂 塵,さじん
N2,中频,陽光,ようこう
N1,低频,思うに,おもうに
N1,低频,有毒,ゆうどく
N1,低频,十人十色,じゅうにんといろ
N1,低频,当座,とうざ
N1,低频,一体全体,いったいぜんたい
N1,低频,どじ,どじ
N1,中频,体面,たいめん
N1,低频,庭木,にわき
N1,低频,木陰,こかげ
N1,低频,手探り,てさぐり
N1,中频,コンスタント,constant
N1,低频,持ち前,もちまえ
N1,低频,上級生,じょうきゅうせい
N1,低频,真意,しんい
N1,中频,通例,つうれい
N1,低频,寝床,ねどこ
N1,中频,骨 董,こっとう
N1,高频,面識,めんしき
N1,低频,心底,しんそこ
N1,低频,官公庁,かんこうちょう
N1,低频,一辺倒,いっぺんとう
N1,低频,逆手,さかて
N1,中频,スリル,thrill
N3,中频,いとも,いとも
N1,低频,ぬるぬる,ぬるぬる
N1,中频,抱負,ほうふ
N1,低频,放射状,ほうしゃじょう
N1,低频,県立,けんりつ
N1,低频,盲目,もうもく
N1,低频,盲導犬,もうどうけん
N1,中频,初恋,はつこい
N1,低频,同質,どうしつ
N1,低频,すぐさま,すぐさま
N1,低频,横目,よこめ
N1,低频,おなじみ,おなじみ
N1,中频,掛け声,かけごえ
N1,低频,ナノ,nano
N1,中频,ハム,ham
N1,低频,実話,じつわ
N1,低频,大波,おおなみ
N1,中频,水量,すいりょう
N1,低频,七色,なないろ
N1,低频,波紋,はもん
N1,低频,世評,せひょう
N1,低频,白書,はくしょ
N1,中频,力量,りきりょう
N1,低频,副産物,ふくさんぶつ
N1,低频,悪臭,あくしゅう
N1,中频,適量,てきりょう
N1,中频,校内,こうない
N1,低频,喪,も
N1,中频,二者択一,にしゃたくいつ
N1,低频,かもしか,かもしか
N1,低频,山里,やまざと
N1,低频,家柄,いえがら
N1,低频,藻類,そうるい
N1,低频,中生代,ちゅうせいだい
N1,低频,無我夢中,むがむちゅう
N1,低频,債務,さいむ
N1,低频,手付かず,てつかず
N1,中频,異例,いれい
N1,中频,つぶさに,つぶさに
N1,低频,脈絡,みゃくらく
N1,低频,私事,しじ
N1,低频,空論,くうろん
N1,低频,杭,くい
N1,低频,的外れ,まとはずれ
N1,低频,物流,ぶつりゅう
N1,中频,盛況,せいきょう
N1,低频,余波,よは
N1,低频,足場,あしば
N1,低频,口数,くちかず
N1,中频,後味,あとあじ
N2,中频,モチベーション,motivation
N1,低频,存亡,そんぼう
N1,低频,一まとめ,ひとまとめ
N1,低频,失意,しつい
N1,低频,往年,おうねん
N1,低频,車中,しゃちゅう
N1,低频,抑揚,よくよう
N1,低频,厳寒,げんかん
N1,低频,平屋,ひらや
N1,低频,路面,ろめん
N3,低频,チャーハン,ちゃーはん
N1,低频,余力,よりょく
N1,中频,厚手,あつで
N1,中频,ホワイト,white
N1,低频,不慮,ふりょ
N1,低频,単行本,たんこうぼん
N1,中频,物真似,ものまね
N1,中频,一身,いっしん
N1,低频,曲がりなりにも,まがりなりにも
N1,中频,持論,じろん
N1,低频,快挙,かいきょ
N1,中频,通行止め,つうこうどめ
N1,低频,中核,ちゅうかく
N1,低频,自説,じせつ
N1,低频,受け皿,うけざら
N1,低频,即時,そくじ
N1,低频,痛烈,つうれつ
N1,高频,緻密,ちみつ
N1,高频,絶大,ぜつだい
N1,中频,雄大,ゆうだい
N1,高频,些細,ささい
N1,中频,適任,てきにん
N1,中频,小規模,しょうきぼ
N1,高频,メイン,main
N1,中频,不透明,ふとうめい
N1,低频,孤高,ここう
N1,中频,必至,ひっし
N1,低频,型破り,かたやぶり
N1,中频,身勝手,みがって
N1,中频,不器用,ぶきよう
N1,中频,鮮烈,せんれつ
N1,中频,傲慢,ごうまん
N1,中频,難解,なんかい
N1,低频,独りよがり,ひとりよがり
N1,低频,愚直,ぐちょく
N1,低频,ぼろくそ,ぼろくそ
N1,高频,コンパクト,compact
N1,中频,不能,ふのう
N1,低频,豪快,ごうかい
N1,低频,不可分,ふかぶん
N1,中频,空虚,くうきょ
N1,低频,一目瞭然,いちもくりょうぜん
N1,低频,適正,てきせい
N1,中频,不機嫌,ふきげん
N1,低频,風流,ふうりゅう
N1,低频,不毛,ふもう
N1,低频,無害,むがい
N1,中频,あからさま,あからさま
N1,低频,逃げ腰,にげごし
N1,低频,不用意,ふようい
N1,中频,画一的,かくいつてき
N1,低频,筋違い,すじちがい
N1,低频,微細,びさい
N1,中频,従順,じゅうじゅん
N1,低频,尊大,そんだい
N1,低频,熱烈,ねつれつ
N1,低频,カジュアル,casual
N1,低频,公的,こうてき
N1,低频,広範囲,こうはんい
N1,低频,深遠,しんえん
N1,低频,上出来,じょうでき
N1,低频,高慢,こうまん
N1,中频,ちっぽけ,ちっぽけ
N1,中频,無心,むしん
N1,低频,明快,めいかい
N1,低频,伸びやか,のびやか
N1,中频,突っ走る,つっぱしる
N1,低频,ほどける,ほどける
N1,中频,生き抜く,いきぬく
N1,高频,行き渡る,ゆきわたる
N1,高频,見定める,みさだめる
N1,中频,閉ざす,とざす
N1,高频,置き換える,おきかえる
N1,低频,抱え込む,かかえこむ
N1,低频,講じる,こうじる
N1,中频,この上ない,このうえない
N3,低频,身につける,みにつける
N1,中频,包み込む,つつみこむ
N1,中频,踏ん張る,ふんばる
N1,低频,駆り立てる,かりたてる
N1,中频,振り向ける,ふりむける
N1,低频,指し示す,さししめす
N1,中频,てらう,てらう
N1,低频,せこい,せこい
N1,低频,狭まる,せばまる
N1,中频,ほぐす,ほぐす
N1,低频,干からびる,ひからびる
N1,低频,出しゃばる,でしゃばる
N1,低频,押しやる,おしやる
N1,低频,育て上げる,そだてあげる
N2,中频,思い描く,おもいえがく
N1,中频,見据える,みすえる
N1,中频,立ち向かう,たちむかう
N1,低频,動じる,どうじる
N1,中频,働かす,はたらかす
N1,低频,群れる,むれる
N1,低频,世知辛い,せちがらい
N1,低频,かけ離れる,かけはなれる
N1,中频,立ち戻る,たちもどる
N1,低频,付け込む,つけこむ
N1,低频,埋もれる,うもれる
N1,低频,探し回る,さがしまわる
N1,中频,そぐ,そぐ
N1,低频,せわしない,せわしない
N1,低频,すごむ,すごむ
N1,中频,推し量る,おしはかる
N1,低频,没する,ぼっする
N1,低频,青臭い,あおくさい
N1,中频,ぎこちない,ぎこちない
N1,低频,揺るぎない,ゆるぎない
N1,低频,畳み込む,たたみこむ
N1,低频,植え付ける,うえつける
N2,中频,課する,かする
N1,低频,練り上げる,ねりあげる
N1,中频,ちりばめる,ちりばめる
N1,低频,持ち直す,もちなおす
N1,低频,古びる,ふるびる
N1,低频,張り出す,はりだす
N1,低频,挙がる,あがる
N1,低频,跳ね上がる,はねあがる
N1,低频,せがむ,せがむ
N1,低频,失せる,うせる
N1,中频,際立つ,きわだつ
N1,低频,練り直す,ねりなおす
N1,低频,くびれる,くびれる
N1,高频,切らす,きらす
N1,中频,はみ出す,はみだす
N1,中频,書き入れる,かきいれる
N1,中频,売り込む,うりこむ
N1,低频,埋め立てる,うめたてる
N1,低频,買い占める,かいしめる
N1,中频,手間取る,てまどる
N1,高频,割り切る,わりきる
N1,低频,引き締まる,ひきしまる
N1,低频,黒ずむ,くろずむ
N1,低频,うろつく,うろつく
N1,低频,念じる,ねんじる
N3,中频,伝う,つたう
N1,低频,さもしい,さもしい
N1,低频,凝り固まる,こりかたまる
N1,低频,知り抜く,しりぬく
N1,低频,罪深い,つみぶかい
N1,低频,流し込む,ながしこむ
N1,中频,そぐわない,そぐわない
N1,低频,襲いかかる,おそいかかる
N1,低频,宿す,やどす
N1,低频,浮かれる,うかれる
N1,中频,思い返す,おもいかえす
N1,低频,見透かす,みすかす
N1,低频,見せかける,みせかける
N1,低频,やり切れない,やりきれない
N1,低频,真新しい,まあたらしい
N1,低频,しょい込む,しょいこむ
N1,中频,咲き乱れる,さきみだれる
N1,低频,見せつける,みせつける
N1,低频,胡散臭い,うさんくさい
N1,中频,見て取る,みてとる
N1,中频,引き戻す,ひきもどす
N1,中频,潤す,うるおす
N1,低频,興す,おこす
N1,低频,耐え抜く,たえぬく
N1,低频,押し込める,おしこめる
N1,低频,見立てる,みたてる
N1,低频,耳慣れる,みみなれる
N1,低频,牛耳る,ぎゅうじる
N1,低频,疎ましい,うとましい
N1,中频,投げかける,なげかける
N1,中频,ほほえましい,ほほえましい
N1,中频,根差す,ねざす
N1,低频,見返す,みかえす
N1,低频,細める,ほそめる
N1,低频,見下す,みくだす
N1,低频,塗り替える,ぬりかえる
N1,中频,てこずる,てこずる
N1,中频,渋る,しぶる
N1,低频,切り立つ,きりたつ
N1,低频,かたどる,かたどる
N1,低频,織り成す,おりなす
N1,低频,語り継ぐ,かたりつぐ
N1,低频,継ぎ足す,つぎたす
N2,中频,それる,それる
N1,低频,すり減らす,すりへらす
N1,低频,打ち付ける,うちつける
N2,中频,裏付ける,うらづける
N1,中频,ずれ込む,ずれこむ
N1,低频,押し通す,おしとおす
N1,低频,降りかかる,ふりかかる
N1,中频,堅苦しい,かたくるしい
N1,低频,かき集める,かきあつめる
N1,低频,取り決める,とりきめる
N3,低频,掛け合う,かけあう
N1,低频,掘り下げる,ほりさげる
N1,低频,あやす,あやす
N1,低频,行き交う,ゆきかう
N1,低频,痩せ衰える,やせおとろえる
N1,低频,忍びない,しのびない
N1,中频,ほぐれる,ほぐれる
N1,低频,絡み合う,からみあう
N2,低频,薄々,うすうす
N1,中频,がらり,がらり
N1,中频,別途,べっと
N2,低频,漫然,まんぜん
N1,低频,順次,じゅんじ
N1,低频,ありあり,ありあり
N1,低频,ひしひし,ひしひし
N1,高频,ならでは,ならでは
N1,中频,まくる,まくる
N1,高频,何かしら,なにかしら
N1,高频,常時,じょうじ
N1,中频,根こそぎ,ねこそぎ
N1,中频,随時,ずいじ
N1,低频,来春,らいしゅん
N1,低频,紀元前,きげんぜん
N5,未分频,二月,にがつ
N5,未分频,三月,さんがつ
N5,未分频,四月,しがつ
N5,未分频,五月,ごがつ
N5,未分频,六月,ろくがつ
N5,未分频,七月,しちがつ
N5,未分频,八月,はちがつ
N5,未分频,九月,くがつ
N5,未分频,十月,じゅうがつ
N5,未分频,十一月,じゅういちがつ
N5,未分频,十二月,じゅうにがつ
N5,未分频,どういう,どういう
N5,未分频,何も,なにも
N5,未分频,ごめんなさい,ごめんなさい
N5,未分频,何度,なんど
N2,中频,こいつ,こいつ
N5,未分频,ありがとう,ありがとう
N2,高频,一歩,いっぽ
N5,未分频,母,はは
N4,未分频,第〜,だい〜
N1,中频,何物,なにもの
N2,高频,この世,このよ
N3,中频,同じく,おなじく
N5,未分频,すみません,すみません
N3,低频,数日,すうじつ
N5,未分频,お願い,おねがい
N2,中频,不自然,ふしぜん
N5,未分频,何回,なんかい
N1,低频,苦しみ,くるしみ
N3,中频,中でも,なかでも
N2,低频,学園,がくえん
N2,低频,ダメージ,damage
N1,低频,暴走,ぼうそう
N2,高频,果たして,はたして
N2,中频,そこそこ,そこそこ
N1,低频,仮面,かめん
N1,中频,怪物,かいぶつ
N3,低频,起き上がる,おきあがる
N1,低频,一族,いちぞく
N2,低频,言い聞かせる,いいきかせる
N2,中频,カウンター,counter
N5,未分频,こんにちは,こんにちは
N1,中频,平然,へいぜん
N1,高频,はっと,はっと
N3,中频,誘い,さそい
N2,高频,再度,さいど
N1,高频,目線,めせん
N1,高频,食材,しょくざい
N2,高频,済み,すみ
N2,低频,無力,むりょく
N1,中频,光栄,こうえい
N1,中频,ライン,line
N5,未分频,何人,なんにん
N2,中频,分厚い,ぶあつい
N2,中频,無関係,むかんけい
N5,未分频,何年,なんねん
N1,低频,飛び降りる,とびおりる
N1,低频,初日,しょにち
N1,低频,後ろ姿,うしろすがた
N3,中频,眠り,ねむり
N1,高频,結末,けつまつ
N1,高频,店主,てんしゅ
N1,高频,大規模,だいきぼ
N2,低频,下半身,かはんしん
N4,未分频,一員,いちいん
N3,低频,翌朝,よくあさ
N1,低频,突き刺す,つきさす
N1,高频,大して,たいして
N2,低频,総,そう
N1,低频,豚,ぶた
N1,中频,強大,きょうだい
N1,中频,我が家,わがや
N2,中频,通話,つうわ
N1,低频,四方,しほう
N2,中频,ぱっと,ぱっと
N1,高频,自力,じりき
N5,未分频,おはよう,おはよう
N1,中频,流れ込む,ながれこむ
N2,中频,詰め込む,つめこむ
N1,低频,偽,にせ
N2,低频,最大限,さいだいげん
N2,中频,根元,ねもと
N2,中频,画像,がぞう
N2,高频,ターゲット,target
N2,高频,価値観,かちかん
N2,中频,存在感,そんざいかん
N2,中频,鮮明,せんめい
N2,高频,最適,さいてき
N1,高频,責任者,せきにんしゃ
N2,低频,駆け込む,かけこむ
N1,低频,見比べる,みくらべる
N2,中频,苦戦,くせん
N2,低频,考え事,かんがえごと
N2,中频,特性,とくせい
N1,中频,賛同,さんどう
N2,中频,プライベート,private
N2,中频,年月,としつき
N1,中频,苦悩,くのう
N2,中频,窓際,まどぎわ
N1,低频,絶好,ぜっこう
N2,低频,背伸び,せのび
N2,中频,見合う,みあう
N1,中频,来客,らいきゃく
N2,中频,切り取る,きりとる
N1,高频,立ち入る,たちいる
N3,低频,北海道,ほっかいどう
N1,高频,影響力,えいきょうりょく
N1,中频,強固,きょうこ
N2,低频,取り合う,とりあう
N1,中频,過ぎ去る,すぎさる
N2,低频,呼び名,よびな
N2,高频,共同,きょうどう
N1,低频,路上,ろじょう
N2,中频,親しみ,したしみ
N1,中频,極度,きょくど
N2,低频,ボス,boss
N2,低频,ぬいぐるみ,ぬいぐるみ
N1,低频,使者,ししゃ
N1,低频,次期,じき
N1,中频,草原,そうげん
N3,低频,図書室,としょしつ
N2,低频,我が国,わがくに
N1,低频,異国,いこく
N3,低频,開閉,かいへい
N2,中频,買い取る,かいとる
N2,低频,木製,もくせい
N5,未分频,さようなら,さようなら
N1,中频,ライブ,live
N1,低频,パンチ,punch
N1,低频,目玉,めだま
N1,中频,強度,きょうど
N1,低频,強者,きょうしゃ
N1,中频,判別,はんべつ
N3,中频,多め,おおめ
N2,中频,合宿,がっしゅく
N2,中频,飛び回る,とびまわる
N1,高频,後継者,こうけいしゃ
N1,低频,ぐいぐい,ぐいぐい
N1,中频,真夜中,まよなか
N5,未分频,こんばんは,こんばんは
N1,低频,生命力,せいめいりょく
N2,中频,小物,こもの
N2,低频,ぶるぶる,ぶるぶる
N2,低频,善意,ぜんい
N2,中频,一段落,いちだんらく
N1,高频,山々,やまやま
N1,高频,大差,たいさ
N4,未分频,腕時計,うでどけい
N2,中频,行き着く,いきつく
N1,高频,後々,のちのち
N1,中频,義父,ぎふ
N2,中频,続行,ぞっこう
N2,低频,シフト,shift
N1,低频,質量,しつりょう
N1,高频,内面,ないめん
N2,中频,味付け,あじつけ
N1,中频,転倒,てんとう
N5,未分频,何日,なんにち
N5,未分频,初めまして,はじめまして
N1,低频,勝ち取る,かちとる
N1,高频,保留,ほりゅう
N3,中频,交通事故,こうつうじこ
N3,高频,アイス,ice
N5,未分频,電話番号,でんわばんごう
N3,低频,新聞紙,しんぶんし
N5,未分频,いちご,いちご
N5,未分频,外国語,がいこくご
N5,未分频,いらっしゃいませ,いらっしゃいませ
N5,未分频,一月,いちがつ
N1,低频,質,しち
N2,中频,縁,えん
N1,中频,苦笑,くしょう
N2,低频,魔法,まほう
N2,中频,吐き出す,はきだす
N2,高频,衣装,いしょう
N1,低频,背筋,せすじ
N2,中频,遭遇,そうぐう
N2,中频,浮かび上がる,うかびあがる
N1,低频,優雅,ゆうが
N2,低频,攻略,こうりゃく
N2,中频,歩み寄る,あゆみよる
N1,低频,鼓動,こどう
N1,低频,降り注ぐ,ふりそそぐ
N2,低频,帰還,きかん
N2,中频,潜る,もぐる
N1,低频,敵意,てきい
N2,低频,リアル,real
N1,低频,一礼,いちれい
N2,中频,駆け抜ける,かけぬける
N1,低频,さりげない,さりげない
N2,低频,繰り広げる,くりひろげる
N1,高频,生き延びる,いきのびる
N1,低频,反動,はんどう
N1,低频,浴びせる,あびせる
N1,中频,よくよく,よくよく
N1,中频,致命的,ちめいてき
N1,低频,ともあれ,ともあれ
N2,中频,引き離す,ひきはなす
N2,中频,音声,おんせい
N2,高频,保護者,ほごしゃ
N1,低频,万全,ばんぜん
N1,中频,集う,つどう
N1,低频,食い込む,くいこむ
N2,低频,手早い,てばやい
N2,低频,山ほど,やまほど
N1,低频,度胸,どきょう
N1,高频,嫌悪,けんお
N1,中频,透ける,すける
N1,中频,当事者,とうじしゃ
N1,低频,降参,こうさん
N1,低频,詮索,せんさく
N2,低频,自負,じふ
N2,低频,追い返す,おいかえす
N2,中频,表明,ひょうめい
N1,低频,着用,ちゃくよう
N2,中频,洗練,せんれん
N2,中频,不都合,ふつごう
N1,中频,鑑定,かんてい
N1,低频,工房,こうぼう
N1,低频,集落,しゅうらく
N2,低频,寝転がる,ねころがる
N1,低频,悪党,あくとう
N2,低频,引き渡す,ひきわたす
N1,低频,隔離,かくり
N1,低频,静けさ,しずけさ
N1,低频,駆け巡る,かけめぐる
N2,低频,部署,ぶしょ
N1,低频,直視,ちょくし
N2,中频,常連,じょうれん
N2,中频,絡まる,からまる
N1,中频,ファンタジー,fantasy
N1,低频,切り落とす,きりおとす
N1,低频,ノイズ,noise
N1,低频,引き金,ひきがね
N2,低频,吸い取る,すいとる
N1,中频,技量,ぎりょう
N1,低频,素顔,すがお
N1,低频,疾走,しっそう
N1,高频,機材,きざい
N2,低频,空洞,くうどう
N2,中频,上部,じょうぶ
N2,中频,マネージャー,manager
N2,中频,退場,たいじょう
N1,低频,武術,ぶじゅつ
N2,中频,考察,こうさつ
N1,中频,純,じゅん
N2,低频,退出,たいしゅつ
N1,低频,粘膜,ねんまく
N1,低频,思い起こす,おもいおこす
N2,低频,民家,みんか
N1,低频,手腕,しゅわん
N2,低频,逆効果,ぎゃくこうか
N1,高频,生息,せいそく
N1,低频,蛙,かえる
N1,低频,買収,ばいしゅう
N2,低频,名門,めいもん
N1,低频,近辺,きんぺん
N3,低频,芸術家,げいじゅつか
N2,低频,結う,ゆう
N1,低频,装い,よそおい
N1,低频,式典,しきてん
N2,低频,上体,じょうたい
N2,中频,観戦,かんせん
N3,低频,一回り,ひとまわり
N1,低频,亭主,ていしゅ
N1,中频,軌跡,きせき
N1,低频,保有,ほゆう
N1,低频,繁華街,はんかがい
N1,中频,行く末,ゆくすえ
N1,低频,機密,きみつ
N2,中频,分割,ぶんかつ
N1,低频,際限,さいげん
N1,中频,タッチ,touch
N1,高频,希少,きしょう
N1,低频,話し込む,はなしこむ
N2,低频,運動神経,うんどうしんけい
N2,高频,紅葉,こうよう
N2,低频,文庫,ぶんこ
N2,低频,刻み込む,きざみこむ
N2,中频,直結,ちょっけつ
N3,中频,飲食店,いんしょくてん
N1,低频,安物,やすもの
N2,低频,突起,とっき
N2,中频,グッズ,goods
N2,低频,事例,じれい
N1,中频,センサー,sensor
N1,低频,目下,もっか
N2,低频,当惑,とうわく
N2,低频,自作,じさく
N1,低频,回線,かいせん
N1,中频,無償,むしょう
N2,低频,別室,べっしつ
N2,低频,過度,かど
N1,低频,安泰,あんたい
N1,低频,頼み込む,たのみこむ
N1,低频,うずめる,うずめる
N1,高频,人間性,にんげんせい
N3,低频,木の実,このみ
N1,低频,幕府,ばくふ
N2,低频,隣人,りんじん
N1,低频,僧侶,そうりょ
N1,低频,資材,しざい
N1,中频,命がけ,いのちがけ
N2,中频,選抜,せんばつ
N2,低频,就寝,しゅうしん
N1,中频,満載,まんさい
N2,高频,全面,ぜんめん
N1,低频,縁,ふち
N1,低频,変質,へんしつ
N1,低频,昇格,しょうかく
N2,低频,初夏,しょか
N2,低频,パネル,panel
N3,低频,愛着,あいちゃく
N1,中频,モチーフ,(フ) motif
N1,中频,大多数,だいたすう
N1,低频,脱落,だつらく
N1,高频,備品,びひん
N1,低频,安否,あんぴ
N1,低频,残虐,ざんぎゃく
N1,低频,最短,さいたん
N1,高频,シェフ,(フ) chef
N1,中频,連載,れんさい
N2,低频,古風,こふう
N2,中频,背骨,せぼね
N1,中频,酸味,さんみ
N2,低频,読み返す,よみかえす
N1,中频,復元,ふくげん
N2,低频,選別,せんべつ
N2,中频,不必要,ふひつよう
N1,中频,第一印象,だいいちいんしょう
N2,中频,フェア,fair
N1,低频,ギャラリー,gallery
N1,低频,カラフル,colorful
N1,低频,パズル,puzzle
N1,低频,掘り起こす,ほりおこす
N1,中频,スパイス,spice
N2,中频,境目,さかいめ
N2,低频,声高,こわだか
N2,低频,旅路,たびじ
N3,低频,音量,おんりょう
N2,低频,一石二鳥,いっせきにちょう
N1,低频,折り合い,おりあい
N1,低频,口笛,くちぶえ
N1,低频,平地,ひらち
N2,低频,粘土,ねんど
N2,低频,減速,げんそく
N2,低频,序列,じょれつ
N1,低频,思いとどまる,おもいとどまる
N1,低频,ジェスチャー,gesture
N1,高频,かっと,かっと
N1,中频,決め手,きめて
N2,中频,役立てる,やくだてる
N1,中频,排出,はいしゅつ
N1,高频,改装,かいそう
N2,低频,連結,れんけつ
N3,中频,とんとん,とんとん
N1,低频,白色,はくしょく
N1,低频,不利益,ふりえき
N2,中频,遺伝,いでん
N2,低频,選出,せんしゅつ
N2,低频,入り交じる,いりまじる
N1,低频,決別,けつべつ
N1,中频,奇抜,きばつ
N2,中频,開幕,かいまく
N2,中频,半減,はんげん
N1,低频,セーブ,save
N2,高频,訪れ,おとずれ
N1,低频,近況,きんきょう
N2,中频,題材,だいざい
N1,低频,羽毛,うもう
N3,低频,館内,かんない
N1,低频,実技,じつぎ
N2,中频,要件,ようけん
N1,低频,免疫,めんえき
N1,低频,美徳,びとく
N2,中频,町並み,まちなみ
N2,中频,早期,そうき
N1,低频,誓約,せいやく
N1,中频,度重なる,たびかさなる
N1,低频,奔放,ほんぽう
N1,低频,清浄,せいじょう
N1,低频,適合,てきごう
N1,低频,蒸し返す,むしかえす
N1,低频,あさる,あさる
N2,低频,凹凸,おうとつ
N2,中频,気配り,きくばり
N2,中频,冷水,れいすい
N2,低频,野原,のはら
N1,低频,思い違い,おもいちがい
N1,低频,周到,しゅうとう
N3,低频,マット,mat
N1,高频,ぎくしゃく,ぎくしゃく
N2,中频,スタンプ,stamp
N1,低频,先手,せんて
N1,低频,演算,えんざん
N2,低频,交信,こうしん
N3,低频,腹痛,ふくつう
N2,低频,ばっさり,ばっさり
N1,中频,物知り,ものしり
N2,中频,積み込む,つみこむ
N2,低频,平面,へいめん
N1,低频,残留,ざんりゅう
N3,低频,煮物,にもの
N3,低频,来す,きたす
N1,低频,排斥,はいせき
N2,低频,新刊,しんかん
N2,低频,技巧,ぎこう
N2,低频,有害,ゆうがい
N2,低频,絶景,ぜっけい
N1,低频,使い込む,つかいこむ
N2,低频,尻込み,しりごみ
N2,低频,有限,ゆうげん
N1,低频,思慮,しりょ
N2,低频,密閉,みっぺい
N2,中频,多彩,たさい
N1,低频,事足りる,ことたりる
N1,低频,庭先,にわさき
N2,中频,専務,せんむ
N2,低频,各人,かくじん
N2,低频,自問自答,じもんじとう
N1,低频,謝礼,しゃれい
N2,中频,問いかける,といかける
N2,中频,一因,いちいん
N2,低频,春先,はるさき
N2,高频,リハーサル,rehearsal
N1,低频,押収,おうしゅう
N2,低频,冷え込む,ひえこむ
N2,低频,同日,どうじつ
N1,低频,車窓,しゃそう
N1,中频,厳選,げんせん
N2,低频,鉄則,てっそく
N1,中频,技法,ぎほう
N2,中频,裏面,りめん
N2,低频,両面,りょうめん
N2,中频,実務,じつむ
N1,中频,キャンバス,canvas
N1,中频,混入,こんにゅう
N2,低频,紙面,しめん
N2,中频,貸し借り,かしかり
N1,低频,すごすご,すごすご
N1,低频,蛾,が
N1,低频,食いしん坊,くいしんぼう
N1,中频,大自然,だいしぜん
N1,中频,行程,こうてい
N2,低频,私語,しご
N1,低频,要注意,ようちゅうい
N1,低频,投手,とうしゅ
N1,低频,敗退,はいたい
N1,高频,探求,たんきゅう
N2,高频,衰え,おとろえ
N1,低频,ミニ,mini
N2,低频,実地,じっち
N2,高频,自然界,しぜんかい
N2,中频,旬,しゅん
N1,低频,並々ならぬ,なみなみならぬ
N1,低频,風雨,ふうう
N2,中频,農作業,のうさぎょう
N2,中频,取り壊す,とりこわす
N1,低频,自給自足,じきゅうじそく
N1,低频,欲張る,よくばる
N2,低频,ぐんと,ぐんと
N2,低频,罰則,ばっそく
N1,中频,飢餓,きが
N2,高频,今年度,こんねんど
N2,中频,強弱,きょうじゃく
N2,中频,新設,しんせつ
N1,低频,下り坂,くだりざか
N1,中频,転機,てんき
N1,中频,定例,ていれい
N1,低频,乗り心地,のりごこち
N1,低频,駐在,ちゅうざい
N1,低频,資本主義,しほんしゅぎ
N1,中频,自然現象,しぜんげんしょう
N1,低频,ヘッドライト,headlight
N1,低频,故意,こい
N1,低频,生誕,せいたん
N3,低频,カウンセリング,counseling
N2,低频,乗用車,じょうようしゃ
N3,中频,組み立て,くみたて
N2,低频,直下,ちょっか
N2,低频,感受性,かんじゅせい
N1,低频,インスタント,instant
N1,中频,原稿用紙,げんこうようし
N1,低频,辞任,じにん
N1,低频,標高,ひょうこう
N1,低频,低学年,ていがくねん
N2,低频,総量,そうりょう
N2,中频,農園,のうえん
N1,中频,山小屋,やまごや
N1,低频,極意,ごくい
N1,中频,推理小説,すいりしょうせつ
N1,低频,エキスパート,expert
N1,低频,浸水,しんすい
N2,低频,グルメ,(フ) gourment
N2,低频,特効薬,とっこうやく
N2,中频,開設,かいせつ
N1,中频,均一,きんいつ
N2,中频,逆算,ぎゃくさん
N3,低频,リュックサック,(ド) Rucksack
N2,低频,うじゃうじゃ,うじゃうじゃ
N1,低频,根絶,こんぜつ
N1,高频,高騰,こうとう
N2,低频,波風,なみかぜ
N2,低频,列挙,れっきょ
N2,低频,養育,よういく
N2,低频,色紙,いろがみ
N3,中频,消費者,しょうひしゃ
N2,低频,ダイナミック,dynamic
N1,中频,転向,てんこう
N1,高频,人件費,じんけんひ
N2,低频,落語,らくご
N2,中频,手振り,てぶり
N2,低频,放映,ほうえい
N1,低频,明るみ,あかるみ
N1,中频,立ち会い,たちあい
N2,低频,安楽,あんらく
N1,低频,スペア,spare
N2,低频,本校,ほんこう
N1,低频,ちなむ,ちなむ
N1,低频,直観,ちょっかん
N1,低频,これ見よがし,これみよがし
N2,中频,インプット,input
N1,低频,救命,きゅうめい
N1,中频,防水,ぼうすい
N1,高频,共生,きょうせい
N2,低频,リフォーム,reform
N1,中频,一読,いちどく
N2,低频,楽天的,らくてんてき
N2,中频,人工衛星,じんこうえいせい
N1,中频,ピッチ,pitch
N2,低频,囲碁,いご
N1,低频,無色,むしょく
N1,低频,ほったらかす,ほったらかす
N1,低频,三脚,さんきゃく
N1,中频,哺乳類,ほにゅうるい
N3,低频,開場,かいじょう
N1,低频,魚類,ぎょるい
N2,低频,画用紙,がようし
N2,低频,無重力,むじゅうりょく
N1,低频,株主,かぶぬし
N2,中频,解約,かいやく
N2,低频,町民,ちょうみん
N2,低频,ドキュメンタリー,documentary
N2,低频,押し売り,おしうり
N1,低频,落選,らくせん
N2,中频,退社,たいしゃ
N1,低频,角,つの
N2,中频,被写体,ひしゃたい
N1,低频,座禅,ざぜん
N1,低频,滑走,かっそう
N2,中频,社会生活,しゃかいせいかつ
N2,低频,野鳥,やちょう
N2,低频,飛びつく,とびつく
N2,低频,届け出る,とどけでる
N2,低频,熟読,じゅくどく
N1,中频,名曲,めいきょく
N1,低频,設問,せつもん
N1,低频,差し替える,さしかえる
N2,低频,割高,わりだか
N1,低频,染色,せんしょく
N1,高频,分化,ぶんか
N1,中频,産卵,さんらん
N1,低频,固形,こけい
N1,低频,古都,こと
N2,低频,クレヨン,(フ) crayon
N1,中频,字幕,じまく
N1,低频,寄席,よせ
N1,低频,過不足,かふそく
N1,低频,書体,しょたい
N2,中频,部数,ぶすう
N2,低频,針葉樹,しんようじゅ
N2,中频,伸び悩む,のびなやむ
N2,中频,低気圧,ていきあつ
N2,低频,たんぽぽ,たんぽぽ
N2,中频,下がり,さがり
N2,中频,常温,じょうおん
N2,中频,数量,すうりょう
N1,中频,死語,しご
N2,高频,読み手,よみて
N2,低频,水質,すいしつ
N2,中频,偏食,へんしょく
N2,低频,リアリティー,reality
N1,低频,組み入れる,くみいれる
N1,中频,作詞,さくし
N2,低频,安値,やすね
N1,低频,軟体動物,なんたいどうぶつ
N1,低频,夏季,かき
N2,低频,光合成,こうごうせい
N2,低频,インストラクター,instructor
N2,低频,繰り上げる,くりあげる
N1,低频,骨折り,ほねおり
N2,低频,年内,ねんない
N1,中频,一端,いったん
N1,低频,飼料,しりょう
N3,低频,酵素,こうそ
N1,低频,合理化,ごうりか
N2,低频,授受,じゅじゅ
N2,低频,参観,さんかん
N1,中频,燕,つばめ
N2,低频,時事,じじ
N1,低频,屏風,びょうぶ
N1,低频,キャッチフレーズ,catchphrase
N1,低频,製紙,せいし
N2,低频,ガーデニング,gardening
N1,低频,山並み,やまなみ
N2,低频,徒競走,ときょうそう
N1,中频,サーキット,circuit
N1,中频,営利,えいり
N1,低频,無免許,むめんきょ
N3,低频,緑地,りょくち
N2,低频,自律神経,じりつしんけい
N2,低频,巣箱,すばこ
N2,中频,節電,せつでん
N1,低频,社会保障,しゃかいほしょう
N3,低频,網棚,あみだな
N2,中频,言語学,げんごがく
N2,低频,学名,がくめい
N2,低频,込み合う,こみあう
N1,低频,くれぐれも,くれぐれも
N1,中频,継ぎ,つぎ
N2,中频,歌謡曲,かようきょく
N1,低频,石器,せっき
N1,低频,地域社会,ちいきしゃかい
N2,低频,歳暮,せいぼ
N1,中频,外来語,がいらいご
N1,低频,集中豪雨,しゅうちゅうごうう
N2,低频,エコノミー,economy
N1,中频,所要,しょよう
N1,低频,上の空,うわのそら
N1,中频,生鮮,せいせん
N1,低频,生物,なまもの
N1,低频,適える,かなえる
N3,中频,言い方,いいかた
N4,未分频,王,おう
N4,未分频,役に立つ,やくにたつ
N3,低频,捜す,さがす
N4,未分频,死,し
N2,高频,どころか,どころか
N1,低频,やあ,やあ
N3,中频,具体的,ぐたいてき
N2,中频,居場所,いばしょ
N3,中频,自分自身,じぶんじしん
N5,未分频,おめでとう,おめでとう
N2,中频,一方的,いっぽうてき
N3,高频,積極的,せっきょくてき
N3,中频,一般的,いっぱんてき
N2,中频,一時的,いちじてき
N3,中频,朝食,ちょうしょく
N2,中频,放課後,ほうかご
N3,低频,なぜなら,なぜなら
N2,高频,それどころか,それどころか
N2,中频,数人,すうにん
N2,低频,悪意,あくい
N1,低频,顔面,がんめん
N2,高频,目的地,もくてきち
N1,低频,絶叫,ぜっきょう
N3,中频,言い返す,いいかえす
N1,低频,凝視,ぎょうし
N2,中频,焦り,あせり
N1,中频,探索,たんさく
N2,高频,動画,どうが
N2,低频,渦巻く,うずまく
N1,低频,誇らしい,ほこらしい
N1,中频,欲する,ほっする
N5,未分频,スーパー,super
N1,低频,言うまでもない,いうまでもない
N1,低频,賭け,かけ
N1,低频,他人事,ひとごと
N1,高频,ストレート,straight
N2,高频,商店街,しょうてんがい
N1,低频,ぴたり,ぴたり
N3,低频,生まれ変わる,うまれかわる
N1,低频,偽り,いつわり
N1,低频,あったかい,あったかい
N3,中频,急ぎ,いそぎ
N2,低频,気恥ずかしい,きはずかしい
N1,低频,侮る,あなどる
N3,中频,繰り返し,くりかえし
N3,低频,政治家,せいじか
N4,未分频,警察官,けいさつかん
N5,未分频,どういたしまして,どういたしまして
N2,低频,寝不足,ねぶそく
N1,低频,やり過ごす,やりすごす
N3,低频,同席,どうせき
N2,中频,思い通り,おもいどおり
N3,低频,数回,すうかい
N2,低频,第一歩,だいいっぽ
N3,中频,リビング,living
N2,中频,平成,へいせい
N1,中频,ヒロイン,heroine
N3,中频,訊ねる,たずねる
N4,未分频,体育館,たいいくかん
N1,中频,足止め,あしどめ
N2,中频,迂闊,うかつ
N2,中频,文化祭,ぶんかさい
N1,低频,戦慄,せんりつ
N2,低频,クッション,cushion
N3,低频,羊,ひつじ
N2,低频,白衣,はくい
N2,低频,張り詰める,はりつめる
N2,低频,声色,こわいろ
N3,中频,ロック,lock
N1,低频,携える,たずさえる
N2,中频,砂浜,すなはま
N1,低频,足手まとい,あしでまとい
N1,低频,亀,かめ
N3,中频,ジャケット,jacket
N1,低频,世間話,せけんばなし
N1,低频,村長,そんちょう
N1,低频,躍る,おどる
N1,低频,赤面,せきめん
N3,中频,ストーリー,story
N1,低频,分身,ぶんしん
N1,低频,さいなむ,さいなむ
N1,低频,胸中,きょうちゅう
N1,中频,士気,しき
N2,中频,奥底,おくそこ
N2,低频,賢者,けんじゃ
N2,低频,一理,いちり
N2,低频,さみしい,さみしい
N3,低频,飼い主,かいぬし
N3,低频,家庭教師,かていきょうし
N2,低频,稼ぎ,かせぎ
N1,中频,散乱,さんらん
N3,中频,坂道,さかみち
N1,低频,あどけない,あどけない
N1,低频,アスファルト,asphalt
N1,低频,ブラック,black
N1,中频,見いだす,みいだす
N2,低频,咀嚼,そしゃく
N3,中频,ライオン,lion
N1,低频,お互い様,おたがいさま
N2,低频,ひそひそ,ひそひそ
N1,低频,いち早く,いちはやく
N1,低频,力尽きる,ちからつきる
N1,低频,寛大,かんだい
N2,低频,近しい,ちかしい
N1,低频,気迫,きはく
N3,低频,一位,いちい
N3,中频,それだけ,それだけ
N1,低频,一片,いっぺん
N1,低频,謳う,うたう
N2,高频,パスタ,(イ) pasta
N1,中频,切羽詰まる,せっぱつまる
N2,低频,ペンダント,pendant
N1,中频,さばく,さばく
N1,低频,報い,むくい
N2,低频,涼しい顔,すずしいかお
N2,低频,ニューヨーク,New York
N2,低频,英国,えいこく
N3,低频,かき混ぜる,かきまぜる
N3,低频,生活費,せいかつひ
N1,低频,名案,めいあん
N2,中频,根っこ,ねっこ
N2,低频,横取り,よこどり
N2,低频,豆腐,とうふ
N3,中频,閉店,へいてん
N1,中频,確固,かっこ
N1,低频,芸当,げいとう
N1,低频,生まれながら,うまれながら
N3,低频,一泊,いっぱく
N1,低频,敬愛,けいあい
N1,低频,愛想笑い,あいそわらい
N1,中频,ひっきりなし,ひっきりなし
N1,高频,劣化,れっか
N1,低频,ドクター,doctor
N2,中频,声援,せいえん
N3,低频,銀座,ぎんざ
N1,低频,誤算,ごさん
N2,高频,備え,そなえ
N2,中频,助け合う,たすけあう
N1,中频,フレーム,frame
N1,低频,見くびる,みくびる
N2,中频,湧き出る,わきでる
N1,低频,収拾,しゅうしゅう
N1,中频,レーダー,radar
N2,中频,躍起,やっき
N3,低频,小麦粉,こむぎこ
N2,中频,取り払う,とりはらう
N3,中频,焼きそば,やきそば
N1,低频,入り組む,いりくむ
N2,低频,技術者,ぎじゅつしゃ
N3,中频,段ボール,だんボール
N1,低频,負けず嫌い,まけずぎらい
N1,低频,住処,すみか
N2,低频,ピアス,pierced earrings
N2,中频,力む,りきむ
N1,低频,一軒家,いっけんや
N1,低频,うねり,うねり
N3,低频,車椅子,くるまいす
N2,低频,燭台,しょくだい
N1,低频,先んじる,さきんじる
N1,高频,江戸時代,えどじだい
N2,低频,放浪,ほうろう
N1,低频,表立つ,おもてだつ
N2,中频,ボックス,box
N2,低频,気後れ,きおくれ
N1,低频,筋書き,すじがき
N3,低频,ドーナツ,doughnut
N1,低频,いじける,いじける
N2,中频,機敏,きびん
N1,低频,圏内,けんない
N2,低频,読み書き,よみかき
N2,低频,歩幅,ほはば
N3,低频,トースト,toast
N5,未分频,バス停,ばすてい
N2,低频,スニーカー,sneakers
N2,中频,やぎ,やぎ
N2,中频,死守,ししゅ
N1,低频,最高潮,さいこうちょう
N1,低频,キャップ,cap
N3,中频,観光地,かんこうち
N1,低频,繭,まゆ
N1,低频,力仕事,ちからしごと
N2,低频,下等,かとう
N1,低频,咲き誇る,さきほこる
N2,低频,司書,ししょ
N2,中频,付き物,つきもの
N2,中频,コロッケ,(フ) croquette
N1,中频,一存,いちぞん
N1,低频,寂れる,さびれる
N2,低频,ペンギン,penguin
N3,中频,町内,ちょうない
N1,低频,追従,ついじゅう
N1,低频,齢,よわい
N1,低频,子細,しさい
N1,低频,受け売り,うけうり
N2,低频,光源,こうげん
N1,低频,有り余る,ありあまる
N3,低频,ソーセージ,sausage
N1,低频,嚙み付く,かみつく
N2,低频,梨,なし
N1,高频,秘 訣,ひけつ
N1,低频,心もとない,こころもとない
N1,低频,最下位,さいかい
N1,中频,派生,はせい
N1,低频,流れ星,ながれぼし
N1,低频,虚構,きょこう
N3,低频,結集,けっしゅう
N2,低频,感化,かんか
N2,中频,町長,ちょうちょう
N1,低频,苦境,くきょう
N1,低频,船乗り,ふなのり
N2,低频,鮭,さけ
N2,低频,支配人,しはいにん
N4,未分频,空き缶,あきかん
N2,低频,データベース,database
N3,中频,フライ,fry
N2,低频,熱血,ねっけつ
N1,中频,お好み焼き,おこのみやき
N2,中频,実り,みのり
N2,低频,道程,どうてい
N1,中频,めぼしい,めぼしい
N2,低频,並べ立てる,ならべたてる
N3,低频,レタス,lettuce
N2,低频,焼き鳥,やきとり
N1,低频,長話,ながばなし
N1,低频,付随,ふずい
N2,低频,脇道,わきみち
N3,低频,空き家,あきや
N2,中频,引き換え,ひきかえ
N2,低频,不遇,ふぐう
N2,低频,目新しい,めあたらしい
N2,中频,枯れ木,かれき
N2,低频,軽傷,けいしょう
N1,低频,挿絵,さしえ
N1,低频,ハウス,house
N1,低频,陰影,いんえい
N1,低频,長靴,ながぐつ
N1,低频,犬歯,けんし
N2,低频,同郷,どうきょう
N2,低频,なりふり,なりふり
N1,低频,潤沢,じゅんたく
N1,低频,圧巻,あっかん
N2,中频,要所,ようしょ
N2,低频,有り得る,ありうる
N2,中频,夜勤,やきん
N2,中频,ホット,hot
N2,低频,汽笛,きてき
N1,低频,手痛い,ていたい
N2,低频,事物,じぶつ
N1,低频,不登校,ふとうこう
N1,低频,軒下,のきした
N2,低频,書き残す,かきのこす
N1,低频,包容力,ほうようりょく
N1,低频,擦り寄る,すりよる
N1,低频,差し出がましい,さしでがましい
N2,低频,梟,ふくろう
N2,低频,錠剤,じょうざい
N1,低频,せんべい,せんべい
N2,低频,うろ覚え,うろおぼえ
N1,中频,珊瑚,さんご
N1,中频,出来栄え,できばえ
N2,低频,織り込む,おりこむ
N2,低频,論点,ろんてん
N2,低频,目算,もくさん
N2,低频,染み付く,しみつく
N1,低频,悪戦苦闘,あくせんくとう
N1,低频,いそしむ,いそしむ
N1,低频,腐食,ふしょく
N1,低频,不出来,ふでき
N1,中频,半生,はんせい
N1,低频,喜怒哀楽,きどあいらく
N1,低频,絹糸,きぬいと
N1,低频,うろちょろ,うろちょろ
N1,低频,及び腰,およびごし
N4,未分频,折り紙,おりがみ
N2,低频,ぬるま湯,ぬるまゆ
N1,低频,上辺,うわべ
N1,中频,のこぎり,のこぎり
N3,低频,山村,さんそん
N2,低频,得難い,えがたい
N2,低频,大敵,たいてき
N1,低频,暫定,ざんてい
N1,低频,手荷物,てにもつ
N1,低频,わしづかみ,わしづかみ
N1,低频,疑り深い,うたぐりぶかい
N1,低频,堰,せき
N1,低频,苦言,くげん
N2,中频,不得意,ふとくい
N2,高频,取り組み,とりくみ
N1,中频,長持ち,ながもち
N1,低频,自画自賛,じがじさん
N1,低频,入学試験,にゅうがくしけん
N1,低频,滋養,じよう
N1,低频,一新,いっしん
N2,低频,後光,ごこう
N3,低频,朝焼け,あさやけ
N2,中频,自主性,じしゅせい
N1,中频,博する,はくする
N1,中频,一次,いちじ
N2,低频,随所,ずいしょ
N1,低频,銀杏,いちょう
N1,低频,古書,こしょ
N3,低频,洋菓子,ようがし
N1,中频,鶯,うぐいす
N2,低频,ライトアップ,light up
N3,中频,山登り,やまのぼり
N2,低频,シャトル,shuttle
N1,低频,底力,そこぢから
N1,低频,手なずける,てなずける
N1,低频,雁,がん
N1,低频,焦げ臭い,こげくさい
N3,低频,言葉遊び,ことばあそび
N2,低频,一句,いっく
N1,低频,ひねり出す,ひねりだす
N2,低频,監修,かんしゅう
N2,中频,えてして,えてして
N2,低频,寝苦しい,ねぐるしい
N1,低频,後手,ごて
N1,低频,覆い,おおい
N1,低频,取捨選択,しゅしゃせんたく
N1,中频,厳正,げんせい
N1,低频,血気,けっき
N2,低频,結実,けつじつ
N2,低频,夜行性,やこうせい
N1,低频,躍進,やくしん
N2,低频,パイナップル,pineapple
N1,低频,啓 蒙,けいもう
N1,低频,風当たり,かぜあたり
N2,低频,代筆,だいひつ
N1,低频,イントネーション,intonation
N1,低频,雪景色,ゆきげしき
N2,低频,夏期,かき
N3,低频,白菜,はくさい
N2,低频,作風,さくふう
N3,中频,クリップ,clip
N1,低频,即断,そくだん
N3,低频,鳥類,ちょうるい
N1,中频,山場,やまば
N2,低频,道草,みちくさ
N2,低频,休眠,きゅうみん
N1,低频,聞き分け,ききわけ
N1,低频,コアラ,koala
N1,低频,親元,おやもと
N3,低频,孵る,かえる
N1,低频,土着,どちゃく
N2,低频,神髄,しんずい
N2,低频,綿毛,わたげ
N2,低频,舵取り,かじとり
N1,低频,予断,よだん
N1,低频,反問,はんもん
N2,低频,信号機,しんごうき
N2,低频,粗悪,そあく
N2,低频,行きずり,ゆきずり
N2,中频,シグナル,signal
N1,低频,幕 間,まくあい
N2,中频,生産者,せいさんしゃ
N1,低频,世界遺産,せかいいさん
N2,中频,働き手,はたらきて
N1,低频,はけ口,はけぐち
N1,低频,計上,けいじょう
N3,中频,呼びかけ,よびかけ
N1,低频,骨折る,ほねおる
N1,低频,ぬか喜び,ぬかよろこび
N1,低频,乱用,らんよう
N1,低频,放任,ほうにん
N1,低频,湿地,しっち
N1,低频,原画,げんが
N2,低频,虚栄,きょえい
N3,中频,スパゲッティ,(イ) spaghetti
N2,低频,初秋,しょしゅう
N3,低频,シャーベット,sherbet
N1,低频,甲虫,こうちゅう
N1,中频,修養,しゅうよう
N1,低频,傾聴,けいちょう
N1,中频,回顧,かいこ
N2,低频,早足,はやあし
N1,低频,蒸気機関車,じょうききかんしゃ
N3,低频,不用,ふよう
N2,低频,関わり合う,かかわりあう
N3,低频,機長,きちょう
N1,低频,数え上げる,かぞえあげる
N1,低频,滑り出し,すべりだし
N2,低频,語り手,かたりて
N1,中频,消費税,しょうひぜい
N1,中频,かす,かす
N1,低频,取り交わす,とりかわす
N3,中频,ブック,book
N1,中频,大脳,だいのう
N1,低频,知ったかぶり,しったかぶり
N2,低频,好悪,こうお
N1,低频,通説,つうせつ
N2,中频,再検討,さいけんとう
N1,低频,文才,ぶんさい
N1,低频,換言,かんげん
N2,低频,論戦,ろんせん
N1,低频,既定,きてい
N2,中频,迷わす,まよわす
N2,低频,インターン,intern
N2,低频,引き合い,ひきあい
N1,低频,老木,ろうぼく
N1,低频,気運,きうん
N1,低频,原生林,げんせいりん
N1,低频,博学,はくがく
N2,高频,各位,かくい
N3,低频,例文,れいぶん
N1,中频,種まき,たねまき
N3,低频,サイクリング,cycling
N1,中频,啓発,けいはつ
N2,低频,植林,しょくりん
N2,低频,粉薬,こなぐすり
N1,低频,天の 邪鬼,あまのじゃく
N1,低频,漁場,ぎょじょう
N2,中频,芽生え,めばえ
N1,低频,濾す,こす
N2,低频,覚え書き,おぼえがき
N1,低频,伸べる,のべる
N2,低频,広葉樹,こうようじゅ
N2,低频,アウトプット,output
N2,低频,コンドル,condor
N1,中频,憩う,いこう
N1,低频,のけ者,のけもの
N1,低频,氷山の一角,ひょうざんのいっかく
N1,低频,現住所,げんじゅうしょ
N2,低频,名著,めいちょ
N1,低频,こりごり,こりごり
N1,低频,冬枯れ,ふゆがれ
N1,低频,暗礁,あんしょう
N1,中频,自任,じにん
N2,低频,冊数,さっすう
N1,高频,助成,じょせい
N1,低频,外来種,がいらいしゅ
N1,低频,水墨画,すいぼくが
N1,低频,もっともらしい,もっともらしい
N1,低频,一本調子,いっぽんぢょうし
N1,中频,文筆,ぶんぴつ
N1,低频,力点,りきてん
N3,中频,ホチキス,Hotchkiss
N1,低频,屈従,くつじゅう
N1,低频,筋立て,すじだて
N2,低频,汗腺,かんせん
N1,低频,功罪,こうざい
N2,低频,打ち水,うちみず
N1,低频,デモクラシー,democracy
N1,低频,成育,せいいく
N1,低频,新説,しんせつ
N1,低频,孵す,かえす
N1,高频,知名,ちめい
N1,中频,ソフトウエア,software
N2,低频,編者,へんじゃ
N1,低频,筆遣い,ふでづかい
N2,低频,誤読,ごどく
N3,低频,休館,きゅうかん
N1,低频,国立公園,こくりつこうえん
N1,低频,修飾語,しゅうしょくご
N1,低频,草分け,くさわけ
N1,低频,黄葉,こうよう
N1,中频,里山,さとやま
N1,低频,名勝,めいしょう
N1,低频,メタンガス,(ド) Methangas
N2,低频,海豚,いるか
N2,低频,米食,べいしょく
N2,低频,見返し,みかえし
N2,低频,不ぞろい,ふぞろい
N2,低频,作意,さくい
N1,低频,利器,りき
N2,低频,洋紙,ようし
N2,低频,促成,そくせい
N1,低频,タンザニア,Tanzania
N2,中频,書き言葉,かきことば
N1,低频,姉妹都市,しまいとし
N1,低频,色刷り,いろずり
N1,低频,ロープウエー,ロープウエー
N2,低频,書き表す,かきあらわす
N2,低频,旧跡,きゅうせき
N1,低频,口やかましい,くちやかましい
N1,低频,敬老の日,けいろうのひ
N1,低频,繰り越す,くりこす
N1,低频,緑陰,りょくいん
N1,低频,学齢,がくれい
N1,低频,罰,ばち
N2,低频,強火,つよび
N2,高频,受講,じゅこう
N2,低频,黒鉛,こくえん
N2,中频,商会,しょうかい
N2,低频,名器,めいき
N2,低频,花芽,はなめ
N2,低频,乖離,かいり
N2,中频,手書き,てがき
N1,中频,真摯,しんし
N1,低频,対価,たいか
N2,中频,多用,たよう
N2,低频,確度,かくど
N2,低频,至言,しげん
N2,低频,自嘲,じちょう
N1,中频,補完,ほかん
N2,低频,修整,しゅうせい
N2,中频,文系,ぶんけい
N2,中频,周年,しゅうねん
N2,低频,戦法,せんぽう
N2,低频,県内,けんない
N2,中频,商事,しょうじ
N2,低频,深度,しんど
N2,低频,電動,でんどう
N2,低频,有人,ゆうじん
N2,中频,今一つ,いまひとつ
N2,低频,詩的,してき
N1,中频,史料,しりょう
N1,中频,捨象,しゃしょう
N1,低频,表象,ひょうしょう
N1,中频,初頭,しょとう
N1,中频,偏狭,へんきょう
N1,低频,弊店,へいてん
N1,中频,過当,かとう
N1,低频,大過,たいか
N1,低频,叢生,そうせい
N1,低频,分明,ぶんめい
N1,中频,可視,かし
N1,低频,浮遊,ふゆう
N1,低频,至高,しこう
N1,低频,手跡,しゅせき
N1,低频,原初,げんしょ
N1,中频,県外,けんがい
N1,中频,考究,こうきゅう
N1,中频,恒常,こうじょう
N1,低频,強迫,きょうはく
N1,低频,饗宴,きょうえん
N1,低频,政争,せいそう
N1,低频,常勝,じょうしょう
N1,低频,生起,せいき
N2,低频,ひらめく,ひらめく
N1,中频,不適,ふてき
N1,中频,最速,さいそく
N1,中频,生成,せいせい
N1,中频,厭世,えんせい
N1,低频,自戒,じかい
N1,中频,前面,ぜんめん
N1,低频,変調,へんちょう
N1,低频,理容,りよう
N1,低频,発症,はっしょう
N1,低频,試算,しさん
N1,低频,光 芒,こうぼう
N1,低频,閉校,へいこう
N1,低频,警鐘,けいしょう
N1,低频,充てる,あてる
N2,低频,ゆがみ,ゆがみ
N2,中频,受け手,うけて
N2,中频,世界観,せかいかん
N2,高频,プロセス,process
N3,低频,話し上手,はなしじょうず
N1,中频,植生,しょくせい
N1,中频,内的,ないてき
N2,中频,枠組み,わくぐみ
N2,高频,駐輪場,ちゅうりんじょう
N2,中频,人工知能,じんこうちのう
N1,低频,速読,そくどく
N1,低频,税率,ぜいりつ
N1,中频,誘発,ゆうはつ
N1,中频,素読,そどく
N4,未分频,ファクス,fax
N1,低频,前頭葉,ぜんとうよう
N1,低频,出自,しゅつじ
N1,高频,株価,かぶか
N3,低频,個人差,こじんさ
N1,低频,雑食,ざっしょく
N3,低频,部員,ぶいん
N1,低频,補塡,ほてん
N1,低频,ムンバイ,Mumbai
N1,低频,習い事,ならいごと
N1,中频,デフォルト,default
N1,低频,ネガティブ,negative
N1,中频,出展,しゅってん
N3,低频,売れ残る,うれのこる
N3,中频,散らし,ちらし
N1,中频,配信,はいしん
N2,中频,個人情報,こじんじょうほう
N1,中频,直送,ちょくそう
N1,低频,休会,きゅうかい
N2,中频,絞り込む,しぼりこむ
N1,低频,品数,しなかず
N1,中频,完売,かんばい
N1,低频,外装,がいそう
N1,低频,芸能人,げいのうじん
N1,中频,駆け出し,かけだし
N1,低频,ときめき,ときめき
N1,低频,形質,けいしつ
N1,低频,論敵,ろんてき
N1,低频,血肉,けつにく
N1,低频,内在,ないざい
N1,低频,野放図,のほうず
N1,中频,一役,ひとやく
N1,中频,資本金,しほんきん
N1,低频,乗り上げる,のりあげる
N1,低频,生存権,せいぞんけん
N1,低频,原生,げんせい
N1,低频,ゆりかご,ゆりかご
N1,低频,マルチタスク,multitask
N1,低频,コンセンサス,consensus
N1,低频,性善説,せいぜんせつ
N1,低频,堅 牢,けんろう
N1,低频,原資,げんし
N1,低频,暗然,あんぜん
N1,低频,情報公開,じょうほうこうかい
N1,中频,独り歩き,ひとりあるき
N1,低频,農林,のうりん
N1,低频,飯炊き,めしたき
N1,低频,調練,ちょうれん
N1,低频,しらじら,しらじら
N1,低频,ぺこり,ぺこり
N1,低频,欲求不満,よっきゅうふまん
N1,低频,退路,たいろ
N1,低频,取り結ぶ,とりむすぶ
N1,低频,拙著,せっちょ
N1,低频,揺れ動く,ゆれうごく
N1,低频,部位,ぶい
N1,中频,型どおり,かたどおり
N1,中频,ともすれば,ともすれば
N1,低频,印象づける,いんしょうづける
N2,中频,見知らぬ,みしらぬ
N1,低频,認証,にんしょう
N1,低频,絶え間,たえま
N1,低频,底意地,そこいじ
N1,低频,善玉,ぜんだま
N1,低频,悪玉,あくだま
N2,中频,追い求める,おいもとめる
N1,低频,種苗,しゅびょう
N1,中频,自己嫌悪,じこけんお
N1,低频,哺乳動物,ほにゅうどうぶつ
N1,低频,ごつん,ごつん
N3,低频,気にする,きにする
N1,中频,指標,しひょう
N2,中频,腹が立つ,はらがたつ
N2,低频,機械的,きかいてき
N4,未分频,ホーム,platform
N3,中频,ロック,rock
N3,中频,感情的,かんじょうてき
N1,低频,部分的,ぶぶんてき
N2,中频,集中力,しゅうちゅうりょく
N3,低频,実際的,じっさいてき
N2,高频,個人的,こじんてき
N2,中频,比較的,ひかくてき
N3,低频,経済的,けいざいてき
N1,低频,規則的,きそくてき
N5,未分频,十,とお
N1,中频,空洞化,くうどうか
N2,中频,全面的,ぜんめんてき
N2,中频,精神的,せいしんてき
N1,低频,伸び伸び,のびのび
N3,中频,はあ,はあ
N4,未分频,やっぱり,やっぱり
N3,高频,遅れ,おくれ
N1,中频,反射的,はんしゃてき
N1,中频,必然的,ひつぜんてき
N1,低频,道理,どうり
N2,低频,普遍的,ふへんてき
N3,中频,諦め,あきらめ
N1,中频,報う,むくう
N3,中频,中級,ちゅうきゅう
N1,低频,理性的,りせいてき
N1,中频,積極性,せっきょくせい
N1,低频,べったり,べったり
N1,低频,身になる,みになる
N1,低频,実質的,じっしつてき
N1,中频,意欲的,いよくてき
N2,中频,相対的,そうたいてき
N3,低频,持ち運び,もちはこび
N2,低频,主観的,しゅかんてき
N1,高频,客観性,きゃっかんせい
N1,低频,〜丼,〜どん
N1,低频,自主規制,じしゅきせい
N1,中频,自主的,じしゅてき
N3,中频,ついている,ついている
N1,低频,先約,せんやく
N2,低频,刷り込む,すりこむ
N2,中频,典型的,てんけいてき
N1,低频,抽象化,ちゅうしょうか
N3,低频,〜さ,〜さ
N2,中频,向こう側,むこうがわ
N2,中频,昼過ぎ,ひるすぎ
N3,中频,仲良く,なかよく
N1,低频,洗い物,あらいもの
N1,低频,こがね色,こがねいろ
N1,中频,衝動買い,しょうどうがい
N1,低频,買って出る,かってでる
N3,中频,思われる,おもわれる
N3,低频,それを,それを
N1,低频,ウエイト,weight
N1,低频,びしばし,びしばし
N1,中频,棲み分け,すみわけ
N1,中频,熟成,じゅくせい
N1,中频,最たる,さいたる
N1,中频,疑似,ぎじ
N1,中频,寒冷,かんれい
N1,低频,頑迷,がんめい
N1,低频,誤 謬,ごびゅう
N1,低频,律儀,りちぎ
N1,低频,すっ飛ばす,すっとばす
N2,中频,書き手,かきて
N1,低频,ぽんぽん,ぽんぽん
N3,高频,中には,なかには
N1,低频,読了,どくりょう
N1,低频,ナルシスト,narcist
N1,低频,呆れ果てる,あきれはてる
N1,低频,全き,まったき
N1,高频,たたえる,たたえる
N1,低频,ほっとく,ほっとく
N1,中频,ばっと,ばっと
N1,低频,すけべ,すけべ
N1,低频,上意下達,じょういかたつ
N1,低频,おぼしい,おぼしい
N1,中频,同義,どうぎ
N1,低频,押し殺す,おしころす
N1,中频,植え替える,うえかえる
N1,低频,粒状,りゅうじょう
N1,中频,脱却,だっきゃく
N1,低频,まろやか,まろやか
N1,低频,崇高,すうこう
N1,低频,見向き,みむき
N2,中频,かなた,かなた
N1,低频,対照的,たいしょうてき
N2,高频,すら,すら
N2,高频,さえ,さえ
N1,高频,ブログ,blog
N2,低频,〜次第,〜しだい
N1,中频,卓越,たくえつ
N2,低频,前〜,ぜん〜
N1,中频,前々,まえまえ
N2,低频,アーティスト,artist
N1,低频,あめんぼ,あめんぼ
N1,低频,いたずら書き,いたずらがき
N1,低频,イデオロギー,(ド) Ideologie
N1,低频,イラストレーター,illustrator
N1,低频,インセンティブ,incentive
N2,低频,エレメント,element
N2,低频,オーラ,aura
N2,高频,落ち,おち
N2,低频,がめつい,がめつい
N1,低频,クオリア,qualia
N2,低频,クラッシュ,crash
N1,中频,コメンテーター,commentator
N1,低频,コンプライアンス,compliance
N2,低频,さわら,さわら
N1,低频,ジェンダー,gender
N1,低频,シナジー,synergy
N2,低频,シュレッダー,shredder
N1,低频,スーパーコンピューター,スーパーコンピューター
N1,低频,ステレオタイプ,stereotype
N1,低频,ストール,stole
N1,低频,スピーディー,speedy
N2,低频,スマホ,smartphone
N2,低频,タブレット,tablet
N1,低频,とろみ,とろみ
N2,低频,ニッチ,niche
N1,中频,ネーミング,naming
N1,低频,ノスタルジー,(フ) nostalgie
N1,低频,ハイエナ,hyena
N2,中频,ファクター,factor
N3,低频,ぶらんこ,ぶらんこ
N1,低频,フリーランス,free lance
N1,中频,ベンチャー,venture
N1,中频,メソッド,method
N1,低频,物言い,ものいい
N1,低频,リーグ,league
N1,低频,リピーター,repeater
N2,低频,ワイパー,wiper
N1,低频,依拠,いきょ
N3,低频,移り住む,うつりすむ
N1,低频,移ろい,うつろい
N1,低频,一案,いちあん
N1,低频,一丸,いちがん
N1,低频,一矢,いっし
N2,低频,あふれ出す,あふれだす
N1,中频,溢れ返る,あふれかえる
N1,中频,因子,いんし
N1,低频,引きこもり,ひきこもり
N1,中频,院長,いんちょう
N1,低频,営為,えいい
N1,低频,押印,おういん
N1,中频,介在,かいざい
N1,低频,怪訝,けげん
N1,低频,確執,かくしつ
N1,中频,学際,がくさい
N2,低频,甘み,あまみ
N1,低频,願い事,ねがいごと
N1,低频,嬉々,きき
N1,低频,忌み嫌う,いみきらう
N1,中频,忌避,きひ
N1,低频,気負い,きおい
N1,低频,仇,あだ
N2,中频,教え込む,おしえこむ
N1,低频,苦役,くえき
N2,低频,駆け上がる,かけあがる
N1,中频,空欄,くうらん
N1,低频,屈託,くったく
N1,低频,研 鑽,けんさん
N1,低频,見開く,みひらく
N2,低频,減衰,げんすい
N3,低频,古着,ふるぎ
N2,中频,呼び込む,よびこむ
N2,低频,誤用,ごよう
N1,中频,厚み,あつみ
N2,低频,好き勝手,すきかって
N2,低频,根付く,ねづく
N2,低频,混じり合う,まじりあう
N1,低频,再読,さいどく
N1,中频,再編,さいへん
N1,低频,裁き,さばき
N2,低频,作り声,つくりごえ
N1,低频,擦り抜ける,すりぬける
N1,中频,仕事柄,しごとがら
N1,低频,姿形,すがたかたち
N2,中频,うまみ,うまみ
N2,中频,質的,しつてき
N1,低频,実相,じっそう
N1,中频,実像,じつぞう
N1,低频,主因,しゅいん
N1,低频,主軸,しゅじく
N1,中频,就労,しゅうろう
N1,低频,臭腺,しゅうせん
N2,低频,集客,しゅうきゃく
N2,低频,出来たて,できたて
N1,低频,峻厳,しゅんげん
N1,中频,書き足す,かきたす
N1,低频,小品,しょうひん
N1,低频,常駐,じょうちゅう
N1,低频,譲り合う,ゆずりあう
N1,低频,食感,しょっかん
N2,低频,信じ込む,しんじこむ
N2,低频,生まれ持つ,うまれもつ
N1,低频,生まれ落ちる,うまれおちる
N1,低频,切り替え,きりかえ
N1,低频,先延ばし,さきのばし
N1,低频,戦隊,せんたい
N2,低频,洗い出す,あらいだす
N1,中频,選び取る,えらびとる
N1,中频,疎通,そつう
N1,中频,属性,ぞくせい
N1,中频,存じ上げる,ぞんじあげる
N2,中频,打ち直す,うちなおす
N1,低频,大枠,おおわく
N2,低频,値札,ねふだ
N3,低频,調べ物,しらべもの
N2,低频,底上げ,そこあげ
N1,低频,統御,とうぎょ
N2,低频,頭角,とうかく
N1,高频,特化,とっか
N2,低频,読み込む,よみこむ
N2,低频,突き動かす,つきうごかす
N2,低频,届け先,とどけさき
N2,低频,能動,のうどう
N1,低频,排卵,はいらん
N2,中频,買い与える,かいあたえる
N2,低频,肌合い,はだあい
N1,中频,発動,はつどう
N1,低频,皮相,ひそう
N1,低频,飛び乗る,とびのる
N1,中频,微々,びび
N1,低频,表層,ひょうそう
N1,低频,舞い落ちる,まいおちる
N1,低频,部材,ぶざい
N1,低频,復権,ふっけん
N1,低频,物の 怪,もののけ
N1,低频,分かれ道,わかれみち
N1,低频,変貌,へんぼう
N1,中频,捕食,ほしょく
N1,低频,母語,ぼご
N1,低频,母性,ぼせい
N1,低频,包摂,ほうせつ
N1,低频,方略,ほうりゃく
N1,低频,凡庸,ぼんよう
N1,高频,万が一,まんがいち
N2,低频,面白み,おもしろみ
N1,低频,猛省,もうせい
N1,低频,黙する,もくする
N1,低频,誘引,ゆういん
N1,低频,揚げ足を取る,あげあしをとる
N3,中频,翌週,よくしゅう
N1,中频,来し方,こしかた
N1,低频,落とし所,おとしどころ
N1,低频,流し目,ながしめ
N2,低频,流れ着く,ながれつく
N1,低频,連関,れんかん
N3,低频,話し声,はなしごえ
N1,中频,俯瞰,ふかん
N1,中频,嗅ぎ取る,かぎとる
N1,低频,揶揄,やゆ
N1,低频,籠城,ろうじょう
N1,低频,茫漠,ぼうばく
N1,低频,軋轢,あつれき
N1,低频,闊達,かったつ
N1,低频,隘路,あいろ
N1,中频,便,びん
N1,低频,かわす,かわす
